title,addr1,addr2,full_address,areacode,sigungucode,mapx,mapy,theme,overview,tel,firstimage,contentid
갈모봉 힐링스테이,경상남도 고성군 고성읍 이당5길 149-21,,경상남도 고성군 고성읍 이당5길 149-21,,,128.267758542966,34.9757697553601,힐링/명상,[힐링/명상] 한국관광공사 등록 웰니스/힐링 관광지 (힐링),,,2579457
갈천힐링캠프,강원특별자치도 양양군 구룡령로 1103-41,,강원특별자치도 양양군 구룡령로 1103-41,32,7,128.5049306436,37.9073458372,힐링/명상,[힐링/명상] 한국관광공사 등록 웰니스/힐링 관광지 (힐링),,http://tong.visitkorea.or.kr/cms/resource/31/2908131_image2_1.JPG,2908152
강원도 태백시 힐링여행 코스,,,,,,129.0466191607,37.1802466229,힐링/명상,[힐링/명상] 한국관광공사 등록 웰니스/힐링 관광지 (힐링),,,1968948
강원도힐링캠핑장,강원특별자치도 원주시 신림면 재사동길 10-38,,강원특별자치도 원주시 신림면 재사동길 10-38,32,9,128.1577984696,37.2457102234,힐링/명상,[힐링/명상] 한국관광공사 등록 웰니스/힐링 관광지 (힐링),,http://tong.visitkorea.or.kr/cms/resource/98/2733998_image2_1.JPG,2734136
거북이가 앉아있는 좌구산에서의 힐링여행,,,,,,127.5473990477,36.8045441352,힐링/명상,[힐링/명상] 한국관광공사 등록 웰니스/힐링 관광지 (힐링),,,1886535
거창 항노화힐링랜드,경상남도 거창군 가조면 의상봉길 834,,경상남도 거창군 가조면 의상봉길 834,,,128.04090441864636,35.736709673420194,힐링/명상,[힐링/명상] 한국관광공사 등록 웰니스/힐링 관광지 (힐링),,https://tong.visitkorea.or.kr/cms/resource/53/4008253_image2_1.jpg,2756141
경주힐링캠프,경상북도 경주시 산내면 장사길 418-55,,경상북도 경주시 산내면 장사길 418-55,35,2,129.0410500007,35.8164315488,힐링/명상,[힐링/명상] 한국관광공사 등록 웰니스/힐링 관광지 (힐링),,http://tong.visitkorea.or.kr/cms/resource/07/2727007_image2_1.jpg,2726694
"고성, 시원하게 통일 ‘막국수’ 힐링 여행",,,,,,128.4370296526,38.4658673023,힐링/명상,[힐링/명상] 한국관광공사 등록 웰니스/힐링 관광지 (힐링),,,2569741
구이 안덕 건강힐링체험마을,전북특별자치도 완주군 구이면 장파길 72,,전북특별자치도 완주군 구이면 장파길 72,,,127.099816433198,35.6955470422064,힐링/명상,[힐링/명상] 한국관광공사 등록 웰니스/힐링 관광지 (힐링),,https://tong.visitkorea.or.kr/cms/resource/00/3510200_image2_1.jpg,1977631
국민힐링파크,경상북도 경주시 문복로 1280-8,,경상북도 경주시 문복로 1280-8,35,2,129.0618780850,35.7408238073,힐링/명상,[힐링/명상] 한국관광공사 등록 웰니스/힐링 관광지 (힐링),,,2941029
금대 에코힐링 캠핑장,강원특별자치도 원주시 판부면 영원산성길 372,,강원특별자치도 원주시 판부면 영원산성길 372,32,9,128.0183263014,37.2933993402,힐링/명상,[힐링/명상] 한국관광공사 등록 웰니스/힐링 관광지 (힐링),,http://tong.visitkorea.or.kr/cms/resource/95/2011295_image2_1.jpg,2033279
금오산 에코 힐링숲,경상북도 구미시 금오산로 341 (남통동),,경상북도 구미시 금오산로 341 (남통동),,,128.31624843363,36.1132169389283,힐링/명상,[힐링/명상] 한국관광공사 등록 웰니스/힐링 관광지 (힐링),,,4039373
기장 앞바다를 보며 힐링,,,,,,129.2308257220,35.2244693193,힐링/명상,[힐링/명상] 한국관광공사 등록 웰니스/힐링 관광지 (힐링),,,1922520
남해 힐링국민여가캠핑장,경상남도 남해군 이동면 성남로 79-14,,경상남도 남해군 이동면 성남로 79-14,,,127.9509474520,34.7780051372,힐링/명상,[힐링/명상] 한국관광공사 등록 웰니스/힐링 관광지 (힐링),,https://tong.visitkorea.or.kr/cms/resource/03/4078103_image2_1.jpg,2909246
"낯설지만 익숙한, 세종시의 숨겨진 힐링 포인트",,,,,,127.2091880717,36.6720151286,힐링/명상,[힐링/명상] 한국관광공사 등록 웰니스/힐링 관광지 (힐링),,,2402720
내린천솔밭힐링캠핑장,강원특별자치도 인제군 상남면 가산동길 25,,강원특별자치도 인제군 상남면 가산동길 25,,,128.2911135262,37.9103885119,힐링/명상,[힐링/명상] 한국관광공사 등록 웰니스/힐링 관광지 (힐링),,https://tong.visitkorea.or.kr/cms/resource/28/2762228_image2_1.JPG,2761768
내소힐링캠프,전북특별자치도 부안군 진서면 원암길 49-6,,전북특별자치도 부안군 진서면 원암길 49-6,37,6,126.5827312563,35.6102000587,힐링/명상,[힐링/명상] 한국관광공사 등록 웰니스/힐링 관광지 (힐링),,http://tong.visitkorea.or.kr/cms/resource/62/2728762_image2_1.jpg,2728571
누나서프(힐링로드),경상북도 포항시 북구 청하면 해안로2308번길 67,,경상북도 포항시 북구 청하면 해안로2308번길 67,35,23,129.3708682666,36.2030273973,힐링/명상,[힐링/명상] 한국관광공사 등록 웰니스/힐링 관광지 (힐링),,http://tong.visitkorea.or.kr/cms/resource/70/3411070_image2_1.jpg,2770645
뉴힐링캠프,경기도 포천시 이동면 금강로 6135-19,,경기도 포천시 이동면 금강로 6135-19,31,29,127.3888243865,38.0754218864,힐링/명상,[힐링/명상] 한국관광공사 등록 웰니스/힐링 관광지 (힐링),,http://tong.visitkorea.or.kr/cms/resource/42/2734742_image2_1.JPG,2734033
"늙은 소나무가 들려주는 삶의 지혜, 울진에서 힐링해 보자",,,,,,129.2703869052,36.9916653843,힐링/명상,[힐링/명상] 한국관광공사 등록 웰니스/힐링 관광지 (힐링),,,1948716
달궁힐링야영장,전북특별자치도 남원시 산내면 덕동리 287-3,,전북특별자치도 남원시 산내면 덕동리 287-3,37,4,127.5555488451,35.3519848942,힐링/명상,[힐링/명상] 한국관광공사 등록 웰니스/힐링 관광지 (힐링),,http://tong.visitkorea.or.kr/cms/resource/29/2750129_image2_1.jpg,2749861
담양힐링파크,전라남도 담양군 봉산면 탄금길 9-26,,전라남도 담양군 봉산면 탄금길 9-26,38,7,126.9609673343,35.2714781967,힐링/명상,[힐링/명상] 한국관광공사 등록 웰니스/힐링 관광지 (힐링),,http://tong.visitkorea.or.kr/cms/resource/99/2726999_image2_1.jpg,2726659
대덕힐링캠핑장,전라남도 영광군 법성면 대덕길2길 105,,전라남도 영광군 법성면 대덕길2길 105,38,16,126.4505884209,35.3499357301,힐링/명상,[힐링/명상] 한국관광공사 등록 웰니스/힐링 관광지 (힐링),,http://tong.visitkorea.or.kr/cms/resource/51/2748151_image2_1.jpg,2747474
대파니힐링팜,전북특별자치도 익산시 삼기면 미륵산1길 102,,전북특별자치도 익산시 삼기면 미륵산1길 102,,,127.02169719637061,36.03276428788531,힐링/명상,[힐링/명상] 한국관광공사 등록 웰니스/힐링 관광지 (힐링),,https://tong.visitkorea.or.kr/cms/resource/45/3026045_image2_1.JPG,3026066
더블힐링펜션,전북특별자치도 부안군 변산면 변산해변로 799-47,더블힐링펜션 4층,전북특별자치도 부안군 변산면 변산해변로 799-47 더블힐링펜션 4층,37,6,126.5161746257,35.6677507252,힐링/명상,[힐링/명상] 한국관광공사 등록 웰니스/힐링 관광지 (힐링),,http://tong.visitkorea.or.kr/cms/resource/27/2568227_image2_1.jpg,2570435
더스테이힐링파크,경기도 가평군 설악면 한서로268번길 157,,경기도 가평군 설악면 한서로268번길 157,31,1,127.5239158795,37.6613503648,힐링/명상,[힐링/명상] 한국관광공사 등록 웰니스/힐링 관광지 (힐링),,http://tong.visitkorea.or.kr/cms/resource/81/3079581_image2_1.JPG,3079601
더힐링타임,제주특별자치도 제주시 서해안로 652 (용담삼동),,제주특별자치도 제주시 서해안로 652 (용담삼동),,,126.506458568504,33.515923124308,힐링/명상,[힐링/명상] 한국관광공사 등록 웰니스/힐링 관광지 (힐링),,https://tong.visitkorea.or.kr/cms/resource/32/3038432_image2_1.jpg,3038449
더힐링펜션,강원특별자치도 평창군 봉평면 흥정계곡길 408,,강원특별자치도 평창군 봉평면 흥정계곡길 408,32,15,128.3312071385,37.6437230668,힐링/명상,[힐링/명상] 한국관광공사 등록 웰니스/힐링 관광지 (힐링),,http://tong.visitkorea.or.kr/cms/resource/53/2801553_image2_1.jpg,2801576
"도자기와 쌀, 온천을 모두 만나는 건강힐링여행",,,,,,127.4351061199,37.3271315961,힐링/명상,[힐링/명상] 한국관광공사 등록 웰니스/힐링 관광지 (힐링),,,1869579
동화힐링캠프,경기도 파주시 파평면 파평산로363번길 32-9,,경기도 파주시 파평면 파평산로363번길 32-9,,,126.84108401253,37.8922217509343,힐링/명상,[힐링/명상] 한국관광공사 등록 웰니스/힐링 관광지 (힐링),,,3033376
레인보우힐링센터,충청북도 영동군 영동읍 영동힐링로 95,레인보우힐링센터,충청북도 영동군 영동읍 영동힐링로 95 레인보우힐링센터,,,127.7855389063,36.1569345584,힐링/명상,[힐링/명상] 한국관광공사 등록 웰니스/힐링 관광지 (힐링),,https://tong.visitkorea.or.kr/cms/resource/31/4097131_image2_1.jpg,3346305
마검포힐링캠핑촌,충청남도 태안군 남면 마검포길 313-30,,충청남도 태안군 남면 마검포길 313-30,34,14,126.2908373002,36.6095279604,힐링/명상,[힐링/명상] 한국관광공사 등록 웰니스/힐링 관광지 (힐링),,http://tong.visitkorea.or.kr/cms/resource/18/2728118_image2_1.jpg,2727360
마이산힐링하우스 앤 카페,전북특별자치도 진안군 진안읍 마이산로 228-10,,전북특별자치도 진안군 진안읍 마이산로 228-10,,,127.411937296492,35.7682144765567,힐링/명상,[힐링/명상] 한국관광공사 등록 웰니스/힐링 관광지 (힐링),,https://tong.visitkorea.or.kr/cms/resource/94/4058194_image2_1.jpg,4058200
모둘자리 힐링체험마을,강원특별자치도 홍천군 서석면 검산길 147-19,(서석면),강원특별자치도 홍천군 서석면 검산길 147-19 (서석면),32,16,128.2305364120,37.7119160343,힐링/명상,[힐링/명상] 한국관광공사 등록 웰니스/힐링 관광지 (힐링),,http://tong.visitkorea.or.kr/cms/resource/31/2598431_image2_1.bmp,128029
몽산포힐링캠핑장,충청남도 태안군 남면 몽산포길 63-13,,충청남도 태안군 남면 몽산포길 63-13,,,126.2902679674,36.6708337079,힐링/명상,[힐링/명상] 한국관광공사 등록 웰니스/힐링 관광지 (힐링),,https://tong.visitkorea.or.kr/cms/resource/70/3083670_image2_1.JPG,3083676
무릉계곡힐링캠핑장,강원특별자치도 동해시 삼화로 467,,강원특별자치도 동해시 삼화로 467,,,129.0265539932,37.4643952559,힐링/명상,[힐링/명상] 한국관광공사 등록 웰니스/힐링 관광지 (힐링),,https://tong.visitkorea.or.kr/cms/resource/05/3048405_image2_1.jpg,1971306
무성한 나무숲 길의 힐링 산책,,,,,,127.1689420015,37.7505779323,힐링/명상,[힐링/명상] 한국관광공사 등록 웰니스/힐링 관광지 (힐링),,,1921503
문경새재 반려동물 힐링센터,경상북도 문경시 문경읍 문경대로 2430,,경상북도 문경시 문경읍 문경대로 2430,,,128.08199966598428,36.742190681820695,힐링/명상,[힐링/명상] 한국관광공사 등록 웰니스/힐링 관광지 (힐링),,https://tong.visitkorea.or.kr/cms/resource/43/3517143_image2_1.jpg,2720027
문수힐링피크닉장,울산광역시 남구 옥동,852,울산광역시 남구 옥동 852,,,129.26976,35.533174,힐링/명상,[힐링/명상] 한국관광공사 등록 웰니스/힐링 관광지 (힐링),,,3076278
물동네힐링캠프,경기도 남양주시 수동면 비룡로 945,,경기도 남양주시 수동면 비룡로 945,31,9,127.3165247877,37.7175150364,힐링/명상,[힐링/명상] 한국관광공사 등록 웰니스/힐링 관광지 (힐링),,http://tong.visitkorea.or.kr/cms/resource/80/2728980_image2_1.JPG,2728910
물뫼힐링팜,제주특별자치도 제주시 애월읍 예원로 51,,제주특별자치도 제주시 애월읍 예원로 51,39,4,126.3965683162,33.4642655959,힐링/명상,[힐링/명상] 한국관광공사 등록 웰니스/힐링 관광지 (힐링),,http://tong.visitkorea.or.kr/cms/resource/45/3553545_image2_1.jpg,2705296
미술관과 아쿠아리움으로 떠나는 힐링 여행,,,,,,126.9988786042,37.5380424328,힐링/명상,[힐링/명상] 한국관광공사 등록 웰니스/힐링 관광지 (힐링),,,1915410
미술작품과 자연 속에서 즐기는 힐링 여행,,,,,,127.9836064656,38.2269460827,힐링/명상,[힐링/명상] 한국관광공사 등록 웰니스/힐링 관광지 (힐링),,,1853825
민들레동산힐링센터,전북특별자치도 완주군 화산면 하용마안길 35-130,,전북특별자치도 완주군 화산면 하용마안길 35-130,37,8,127.2422203373,36.0147264431,힐링/명상,[힐링/명상] 한국관광공사 등록 웰니스/힐링 관광지 (힐링),,http://tong.visitkorea.or.kr/cms/resource/35/2747435_image2_1.jpg,2747055
바닷길 걸으면 절로 힐링이 돼요,,,,,,126.4860008022,35.6623765869,힐링/명상,[힐링/명상] 한국관광공사 등록 웰니스/힐링 관광지 (힐링),,,2381382
백운힐링캠핑장,경기도 포천시 이동면 포화로 320-1,,경기도 포천시 이동면 포화로 320-1,31,29,127.4177383785,38.0764195265,힐링/명상,[힐링/명상] 한국관광공사 등록 웰니스/힐링 관광지 (힐링),,http://tong.visitkorea.or.kr/cms/resource/46/2747946_image2_1.jpg,2747481
뱀사골힐링야영장,전북특별자치도 남원시 산내면 와운길 29,,전북특별자치도 남원시 산내면 와운길 29,37,4,127.5797906807,35.3700416117,힐링/명상,[힐링/명상] 한국관광공사 등록 웰니스/힐링 관광지 (힐링),,http://tong.visitkorea.or.kr/cms/resource/20/2753020_image2_1.jpg,2753207
보경사힐링캠핑장,경상북도 포항시 북구 송라면 보경로 307,,경상북도 포항시 북구 송라면 보경로 307,,,129.3328977882,36.2377926978,힐링/명상,[힐링/명상] 한국관광공사 등록 웰니스/힐링 관광지 (힐링),,https://tong.visitkorea.or.kr/cms/resource/22/2753722_image2_1.jpg,2752776
보성으로 떠나는 힐링여행 [웰촌],,,,,,127.1691226455,34.7626506270,힐링/명상,[힐링/명상] 한국관광공사 등록 웰니스/힐링 관광지 (힐링),,,2500003
부산항힐링야영장,부산광역시 중구 이순신대로 72 (중앙동4가),,부산광역시 중구 이순신대로 72 (중앙동4가),6,5,129.0440916874,35.1057837263,힐링/명상,[힐링/명상] 한국관광공사 등록 웰니스/힐링 관광지 (힐링),,http://tong.visitkorea.or.kr/cms/resource/57/2726957_image2_1.jpg,2726803
비대면 힐링 거제 여행코스,경상남도 거제시 남부면 해금강3길 23,,경상남도 거제시 남부면 해금강3길 23,,,128.6745602995,34.7366163513,힐링/명상,[힐링/명상] 한국관광공사 등록 웰니스/힐링 관광지 (힐링),,,2724128
빌딩 숲 강남 속에서 찾은 힐링,,,,,,127.0494162289,37.5070471245,힐링/명상,[힐링/명상] 한국관광공사 등록 웰니스/힐링 관광지 (힐링),,,1920559
사자평 고원습지 (영남알프스 사자평억새길 힐링트레킹),경상남도 밀양시 산내면 얼음골로 241,,경상남도 밀양시 산내면 얼음골로 241,36,7,128.9869974046,35.5827818909,힐링/명상,[힐링/명상] 한국관광공사 등록 웰니스/힐링 관광지 (힐링),,http://tong.visitkorea.or.kr/cms/resource/52/3337152_image2_1.jpg,2650371
삼화힐링타운,경기도 가평군 상면 물골길 112,,경기도 가평군 상면 물골길 112,31,1,127.3153686606,37.8365344985,힐링/명상,[힐링/명상] 한국관광공사 등록 웰니스/힐링 관광지 (힐링),,http://tong.visitkorea.or.kr/cms/resource/41/2740241_image2_1.JPG,2740126
서리실힐링가족캠핑장,충청남도 천안시 동남구 서리실길 147,,충청남도 천안시 동남구 서리실길 147,34,12,127.0872582726,36.6703264449,힐링/명상,[힐링/명상] 한국관광공사 등록 웰니스/힐링 관광지 (힐링),,http://tong.visitkorea.or.kr/cms/resource/30/2908430_image2_1.jpg,2908437
서종힐링캠핑장,경기도 양평군 서종면 화서로 532-6,,경기도 양평군 서종면 화서로 532-6,31,19,127.4263973599,37.6478695841,힐링/명상,[힐링/명상] 한국관광공사 등록 웰니스/힐링 관광지 (힐링),,http://tong.visitkorea.or.kr/cms/resource/26/2735926_image2_1.JPG,2734712
성동힐링센터 휴영월캠프,강원특별자치도 영월군 영월읍 동강로 1488-23,,강원특별자치도 영월군 영월읍 동강로 1488-23,,,128.526316359033,37.2691868974713,힐링/명상,[힐링/명상] 한국관광공사 등록 웰니스/힐링 관광지 (힐링),,https://tong.visitkorea.or.kr/cms/resource/92/2499292_image2_1.jpg,2499305
소석힐링캠핑장,경상남도 양산시 상북면 충렬로 721,,경상남도 양산시 상북면 충렬로 721,36,10,129.0516494841,35.4045281439,힐링/명상,[힐링/명상] 한국관광공사 등록 웰니스/힐링 관광지 (힐링),,http://tong.visitkorea.or.kr/cms/resource/50/2743550_image2_1.jpg,2743248
"숲에서 힐링, 온천에서 힐링",,,,,,127.3415350828,36.2154863042,힐링/명상,[힐링/명상] 한국관광공사 등록 웰니스/힐링 관광지 (힐링),,,1888965
신어산자연숲캠핑장(장척힐링마을),경상남도 김해시 상동면 장척로462번길 140,,경상남도 김해시 상동면 장척로462번길 140,36,4,128.9245085308,35.2771123221,힐링/명상,[힐링/명상] 한국관광공사 등록 웰니스/힐링 관광지 (힐링),,http://tong.visitkorea.or.kr/cms/resource/08/2729008_image2_1.jpg,2728920
아기자기한 성당과 정원을 찾아 힐링 여행,,,,,,126.9137524569,36.8822872300,힐링/명상,[힐링/명상] 한국관광공사 등록 웰니스/힐링 관광지 (힐링),,,1937595
아름다운 호수 풍광이 마음을 치유하는 힐링 여행,,,,,,127.8147843216,37.9451661989,힐링/명상,[힐링/명상] 한국관광공사 등록 웰니스/힐링 관광지 (힐링),,,1871355
안전과 힐링이 함께하는 제천여행코스,충청북도 제천시 제천북로 143 (왕암동),,충청북도 제천시 제천북로 143 (왕암동),,,128.16146950057535,37.143888638622535,힐링/명상,[힐링/명상] 한국관광공사 등록 웰니스/힐링 관광지 (힐링),,,3516944
애플트리 힐링팜,전북특별자치도 임실군 강진면 옥정호로 937-12,,전북특별자치도 임실군 강진면 옥정호로 937-12,37,10,127.0990394767,35.5571870926,힐링/명상,[힐링/명상] 한국관광공사 등록 웰니스/힐링 관광지 (힐링),,http://tong.visitkorea.or.kr/cms/resource/95/3353495_image2_1.png,2996825
어은돌힐링야영장,충청남도 태안군 소원면 연들길 84,,충청남도 태안군 소원면 연들길 84,,,126.1321010319,36.7524728320,힐링/명상,[힐링/명상] 한국관광공사 등록 웰니스/힐링 관광지 (힐링),,https://tong.visitkorea.or.kr/cms/resource/37/3065137_image2_1.jpg,3065148
에덴힐스 힐링파크,충청남도 홍성군 서부면 와룡로126번길 76-64,,충청남도 홍성군 서부면 와룡로126번길 76-64,,,126.5293674594164,36.57253923555426,힐링/명상,[힐링/명상] 한국관광공사 등록 웰니스/힐링 관광지 (힐링),,https://tong.visitkorea.or.kr/cms/resource/84/3498784_image2_1.jpg,2599681
에코힐링 황톳길,충청남도 천안시 서북구 공원로 159,(불당동),충청남도 천안시 서북구 공원로 159 (불당동),34,12,127.0979066096,36.7978341862,힐링/명상,[힐링/명상] 한국관광공사 등록 웰니스/힐링 관광지 (힐링),,http://tong.visitkorea.or.kr/cms/resource/23/3067423_image2_1.jpg,2606914
엠와이힐링캠핑장,경상남도 밀양시 활성로 296,,경상남도 밀양시 활성로 296,,,128.8040109905,35.4896633451,힐링/명상,[힐링/명상] 한국관광공사 등록 웰니스/힐링 관광지 (힐링),,https://tong.visitkorea.or.kr/cms/resource/72/2909472_image2_1.jpg,2909482
여수밤바다 힐링파크 호스텔,전라남도 여수시 돌산읍 진모1길 29-38,,전라남도 여수시 돌산읍 진모1길 29-38,38,13,127.7571144031,34.7065220790,힐링/명상,[힐링/명상] 한국관광공사 등록 웰니스/힐링 관광지 (힐링),,,2697941
"연천, ‘철새와 겨울나기’ 힐링 여행",,,,,,126.9598883660,38.0062983893,힐링/명상,[힐링/명상] 한국관광공사 등록 웰니스/힐링 관광지 (힐링),,,2569700
영동 레인보우 힐링 관광지,충청북도 영동군 영동읍 영동힐링로 117,,충청북도 영동군 영동읍 영동힐링로 117,,,127.786513691029,36.1563534107271,힐링/명상,[힐링/명상] 한국관광공사 등록 웰니스/힐링 관광지 (힐링),,https://tong.visitkorea.or.kr/cms/resource/90/3061790_image2_1.jpg,3061805
예밀와인 힐링센터,강원특별자치도 영월군 김삿갓면 예밀촌길 229-3,,강원특별자치도 영월군 김삿갓면 예밀촌길 229-3,32,8,128.5905432481,37.1416164777,힐링/명상,[힐링/명상] 한국관광공사 등록 웰니스/힐링 관광지 (힐링),,http://tong.visitkorea.or.kr/cms/resource/90/2797090_image2_1.jpg,2782864
오대산힐링빌리지,강원특별자치도 평창군 진부면 능골길 52-77,,강원특별자치도 평창군 진부면 능골길 52-77,32,15,128.5175413370,37.6100860694,힐링/명상,[힐링/명상] 한국관광공사 등록 웰니스/힐링 관광지 (힐링),,http://tong.visitkorea.or.kr/cms/resource/91/2996091_image2_1.jpg,2725128
옥동 힐링가든,경상남도 거제시 둔덕면 청마로 665-13,,경상남도 거제시 둔덕면 청마로 665-13,,,128.546215897378,34.8704455220084,힐링/명상,[힐링/명상] 한국관광공사 등록 웰니스/힐링 관광지 (힐링),,,2667204
외연도 상록수림에서 즐기는 힐링 여행,,,,,,126.5085259354,36.3268138959,힐링/명상,[힐링/명상] 한국관광공사 등록 웰니스/힐링 관광지 (힐링),,,1889520
우리술과힐링(주식회사우리술과힐링),전라남도 영암군 영암읍 중앙로 51-19,,전라남도 영암군 영암읍 중앙로 51-19,38,17,126.6981800093,34.8007379886,힐링/명상,[힐링/명상] 한국관광공사 등록 웰니스/힐링 관광지 (힐링),,,2932828
울산시 힐링캠프,울산광역시 울주군 상북면 소야정길 10,,울산광역시 울주군 상북면 소야정길 10,7,5,129.0536406325,35.6164487857,힐링/명상,[힐링/명상] 한국관광공사 등록 웰니스/힐링 관광지 (힐링),,http://tong.visitkorea.or.kr/cms/resource/33/2741233_image2_1.JPG,2740994
월악힐링캠핑장,충청북도 제천시 덕산면 월악산로 767,,충청북도 제천시 덕산면 월악산로 767,,,128.1547671767,36.8687437521,힐링/명상,[힐링/명상] 한국관광공사 등록 웰니스/힐링 관광지 (힐링),,https://tong.visitkorea.or.kr/cms/resource/39/4082139_image2_1.jpg,2743756
월출산의 기를 받으며 힐링해 볼까?,,,,,,126.6196556913,34.5036608354,힐링/명상,[힐링/명상] 한국관광공사 등록 웰니스/힐링 관광지 (힐링),,,1885572
유명산힐링캠프,경기도 가평군 설악면 어비산길 201-62,,경기도 가평군 설악면 어비산길 201-62,31,1,127.5132022324,37.5909500067,힐링/명상,[힐링/명상] 한국관광공사 등록 웰니스/힐링 관광지 (힐링),,http://tong.visitkorea.or.kr/cms/resource/81/2740181_image2_1.JPG,2750743
은사시힐링오토캠핑장,경기도 파주시 적성면 자장로 115,,경기도 파주시 적성면 자장로 115,31,27,126.8446165865,37.9565563999,힐링/명상,[힐링/명상] 한국관광공사 등록 웰니스/힐링 관광지 (힐링),,http://tong.visitkorea.or.kr/cms/resource/04/2732304_image2_1.JPG,2730835
인문힐링센터 여명,경상북도 영덕군 창수면 장육사1길 203,,경상북도 영덕군 창수면 장육사1길 203,,,129.299119632139,36.5972714719633,힐링/명상,[힐링/명상] 한국관광공사 등록 웰니스/힐링 관광지 (힐링),,https://tong.visitkorea.or.kr/cms/resource/23/4005323_image2_1.jpg,2660968
일상에서 벗어나 자연과 함께하는 충주 힐링 여행,,,,,,127.8816591701,37.0738066564,힐링/명상,[힐링/명상] 한국관광공사 등록 웰니스/힐링 관광지 (힐링),,,2011616
임진강힐링카라반,경기도 연천군 장남면 원당리,,경기도 연천군 장남면 원당리,31,21,126.8904141202,37.9928557629,힐링/명상,[힐링/명상] 한국관광공사 등록 웰니스/힐링 관광지 (힐링),,http://tong.visitkorea.or.kr/cms/resource/60/2738860_image2_1.JPG,2738801
자연과힐링,강원특별자치도 횡성군 청일면 봉덕로299번길 65,,강원특별자치도 횡성군 청일면 봉덕로299번길 65,,,128.1834987255,37.5756110784,힐링/명상,[힐링/명상] 한국관광공사 등록 웰니스/힐링 관광지 (힐링),,https://tong.visitkorea.or.kr/cms/resource/08/4075708_image2_1.jpg,2909555
자연이고 예술이고 가는 곳마다 힐링 버스!,,,,,,128.1283689218,37.2569919001,힐링/명상,[힐링/명상] 한국관광공사 등록 웰니스/힐링 관광지 (힐링),,,2361048
잘 쉬는 데도 기술이 필요하다. 고수의 힐링 코스!,강원특별자치도 고성군 심층수길 85 송지호관리사무실,,강원특별자치도 고성군 심층수길 85 송지호관리사무실,32,2,128.5265599668,38.3315552444,힐링/명상,[힐링/명상] 한국관광공사 등록 웰니스/힐링 관광지 (힐링),,http://tong.visitkorea.or.kr/cms/resource/38/1581438_image2_1.jpg,2987544
전곡낚시터(전곡낚시힐링캠프),경기도 연천군 군남면 오리골길 124,,경기도 연천군 군남면 오리골길 124,31,21,127.0340580016,38.0370920852,힐링/명상,[힐링/명상] 한국관광공사 등록 웰니스/힐링 관광지 (힐링),,,2735334
제주레저힐링축제,제주특별자치도 제주시 조천읍 조함해안로 525,,제주특별자치도 제주시 조천읍 조함해안로 525,,,126.6690718700,33.5427098882,힐링/명상,[힐링/명상] 한국관광공사 등록 웰니스/힐링 관광지 (힐링),064-728-2757,https://tong.visitkorea.or.kr/cms/resource/01/3576401_image2_1.jpg,1019773
제주힐링명상테마파크,제주특별자치도 제주시 애월읍 어음13길 196,,제주특별자치도 제주시 애월읍 어음13길 196,,,126.3610557300,33.3955670091,힐링/명상,[힐링/명상] 한국관광공사 등록 웰니스/힐링 관광지 (힐링),,https://tong.visitkorea.or.kr/cms/resource/58/4073358_image2_1.jpg,1206420
주식회사어반힐링,부산광역시 사하구 낙동대로 534 (하단동),,부산광역시 사하구 낙동대로 534 (하단동),6,10,128.9651983858,35.1118315978,힐링/명상,[힐링/명상] 한국관광공사 등록 웰니스/힐링 관광지 (힐링),,,3511018
주왕산과 달기약수탕으로 즐기는 청송 힐링여행,,,,,,129.0268628389,36.4363105387,힐링/명상,[힐링/명상] 한국관광공사 등록 웰니스/힐링 관광지 (힐링),,,1875592
지리산오도재힐링캠핑장,경상남도 함양군 휴천면 지리산가는길 811-1,,경상남도 함양군 휴천면 지리산가는길 811-1,36,20,127.6965503519,35.4560117246,힐링/명상,[힐링/명상] 한국관광공사 등록 웰니스/힐링 관광지 (힐링),,http://tong.visitkorea.or.kr/cms/resource/07/2738107_image2_1.jpg,2737953
천년학 힐링타운,강원특별자치도 삼척시 원덕읍 사곡길 43-127,,강원특별자치도 삼척시 원덕읍 사곡길 43-127,32,4,129.2968301742,37.1414856522,힐링/명상,[힐링/명상] 한국관광공사 등록 웰니스/힐링 관광지 (힐링),,,2774730
"철원, 심신의 평화, 온천 힐링 여행",,,,,,127.2897062454,38.1860185455,힐링/명상,[힐링/명상] 한국관광공사 등록 웰니스/힐링 관광지 (힐링),,,2569747
청도반시의 고장에서 즐기는 힐링체험,,,,,,128.7205292361,35.7134963741,힐링/명상,[힐링/명상] 한국관광공사 등록 웰니스/힐링 관광지 (힐링),,,1875579
청정테마힐링센터,전북특별자치도 완주군 구이면 장미로 31,,전북특별자치도 완주군 구이면 장미로 31,37,8,127.1000777228,35.6859419409,힐링/명상,[힐링/명상] 한국관광공사 등록 웰니스/힐링 관광지 (힐링),,http://tong.visitkorea.or.kr/cms/resource/70/1974470_image2_1.jpg,131732
칼바람 잊게 하는 힐링 천국,,,,,,,,힐링/명상,[힐링/명상] 한국관광공사 등록 웰니스/힐링 관광지 (힐링),,,2037448
클럽보드힐링리조트,경기도 가평군 가평읍 북한강변로 214,,경기도 가평군 가평읍 북한강변로 214,31,1,127.5309431999,37.7503179359,힐링/명상,[힐링/명상] 한국관광공사 등록 웰니스/힐링 관광지 (힐링),,http://tong.visitkorea.or.kr/cms/resource/58/2771558_image2_1.png,2770651
태백구문소힐링캠프,강원특별자치도 태백시 태백로 2417 (동점동),,강원특별자치도 태백시 태백로 2417 (동점동),,,129.0483230278,37.0819159286,힐링/명상,[힐링/명상] 한국관광공사 등록 웰니스/힐링 관광지 (힐링),,https://tong.visitkorea.or.kr/cms/resource/23/4094823_image2_1.jpg,2740955
태양힐링숲,경기도 파주시 적성면 설마천로 372,,경기도 파주시 적성면 설마천로 372,,,126.941192746967,37.9467306692338,힐링/명상,[힐링/명상] 한국관광공사 등록 웰니스/힐링 관광지 (힐링),,https://tong.visitkorea.or.kr/cms/resource/49/3081649_image2_1.JPG,3081654
태평염전 해양힐링스파,전라남도 신안군 증도면 지도증도로 1083-4,,전라남도 신안군 증도면 지도증도로 1083-4,,,126.1753774945,34.9939843962,힐링/명상,[힐링/명상] 한국관광공사 등록 웰니스/힐링 관광지 (힐링),,,2660744
펫힐링 달빛동물원,강원특별자치도 영월군 남면 연당리,662-2,강원특별자치도 영월군 남면 연당리 662-2,,,128.4017867178,37.1745681697,힐링/명상,[힐링/명상] 한국관광공사 등록 웰니스/힐링 관광지 (힐링),,https://tong.visitkorea.or.kr/cms/resource/56/4095656_image2_1.jpg,2654759
평창강힐링하우스,강원특별자치도 평창군 평창읍 매화길 189-59,,강원특별자치도 평창군 평창읍 매화길 189-59,32,15,128.3877781112,37.3288827382,힐링/명상,[힐링/명상] 한국관광공사 등록 웰니스/힐링 관광지 (힐링),,http://tong.visitkorea.or.kr/cms/resource/02/2800602_image2_1.jpg,2800837
평창힐링스테이,강원특별자치도 평창군 평창읍 종부1길 242-44,,강원특별자치도 평창군 평창읍 종부1길 242-44,32,15,128.4121059386,37.3471088745,힐링/명상,[힐링/명상] 한국관광공사 등록 웰니스/힐링 관광지 (힐링),,http://tong.visitkorea.or.kr/cms/resource/35/2800835_image2_1.JPG,2800851
포니힐링관광농원 (힐링공유팜),경상북도 경산시 와촌면 갈밭길 102,,경상북도 경산시 와촌면 갈밭길 102,,,128.8131000000,35.9509000000,힐링/명상,[힐링/명상] 한국관광공사 등록 웰니스/힐링 관광지 (힐링),,https://tong.visitkorea.or.kr/cms/resource/13/3090313_image2_1.JPG,3090324
포천 허브힐링센터,경기도 포천시 신북면 청신로947번길 35,,경기도 포천시 신북면 청신로947번길 35,,,127.1317913097,37.9650155089,힐링/명상,[힐링/명상] 한국관광공사 등록 웰니스/힐링 관광지 (힐링),,https://tong.visitkorea.or.kr/cms/resource/02/4075802_image2_1.jpg,3023048
포천딸기힐링팜,경기도 포천시 영중면 전영로 1554,,경기도 포천시 영중면 전영로 1554,,,127.2270409344,38.0082688774,힐링/명상,[힐링/명상] 한국관광공사 등록 웰니스/힐링 관광지 (힐링),,https://tong.visitkorea.or.kr/cms/resource/98/3003798_image2_1.jpg,3011153
포천의 온천수와 함께 아트밸리와 허브랜드의 힐링을 찾아서...,,,,,,127.1040529414,37.9741799604,힐링/명상,[힐링/명상] 한국관광공사 등록 웰니스/힐링 관광지 (힐링),,,1917272
피플앤독힐링캠프,충청남도 예산군 신양면 귀곡동절길 28,,충청남도 예산군 신양면 귀곡동절길 28,34,11,126.8726088380,36.6451783422,힐링/명상,[힐링/명상] 한국관광공사 등록 웰니스/힐링 관광지 (힐링),,http://tong.visitkorea.or.kr/cms/resource/29/3501429_image2_1.jpg,2730127
하이힐링원,강원특별자치도 영월군 상동읍 섬지골길 113,,강원특별자치도 영월군 상동읍 섬지골길 113,,,128.74309280429566,37.130239485355546,힐링/명상,[힐링/명상] 한국관광공사 등록 웰니스/힐링 관광지 (힐링),,https://tong.visitkorea.or.kr/cms/resource/69/3022269_image2_1.jpg,3022275
한방약초와 동의보감의 고장 산청에서 힐링을!,,,,,,127.9364567014,35.2741535651,힐링/명상,[힐링/명상] 한국관광공사 등록 웰니스/힐링 관광지 (힐링),,,2364134
한방테마파크에서 누리는 힐링여행,,,,,,127.8313302489,35.4919786325,힐링/명상,[힐링/명상] 한국관광공사 등록 웰니스/힐링 관광지 (힐링),,,1855664
해마루 힐링숲,전라남도 해남군 동해길 108-35,,전라남도 해남군 동해길 108-35,,,126.632761576311,34.4388103602474,힐링/명상,[힐링/명상] 한국관광공사 등록 웰니스/힐링 관광지 (힐링),,https://tong.visitkorea.or.kr/cms/resource/35/2049835_image2_1.jpg,2049874
허브하우스금오산힐링타운,경상북도 김천시 남면 우장길 448,,경상북도 김천시 남면 우장길 448,35,6,128.2764566778,36.0999102657,힐링/명상,[힐링/명상] 한국관광공사 등록 웰니스/힐링 관광지 (힐링),,http://tong.visitkorea.or.kr/cms/resource/04/2731004_image2_1.jpg,2730840
홍천 쁘띠힐링카라반,강원특별자치도 홍천군 북방면 노일로310번길 4,,강원특별자치도 홍천군 북방면 노일로310번길 4,32,16,127.7303269607,37.6861040840,힐링/명상,[힐링/명상] 한국관광공사 등록 웰니스/힐링 관광지 (힐링),,http://tong.visitkorea.or.kr/cms/resource/22/2752222_image2_1.JPG,2752067
"화천, 향기로운 ‘산약초 마을’ 힐링 여행",,,,,,127.6042428365,38.1604970043,힐링/명상,[힐링/명상] 한국관광공사 등록 웰니스/힐링 관광지 (힐링),,,2569730
"화천, 환타스틱 ‘딴산유원지’ 힐링 여행",,,,,,127.7774945097,38.0959220707,힐링/명상,[힐링/명상] 한국관광공사 등록 웰니스/힐링 관광지 (힐링),,,2569716
휘닉스찜질방 힐링센터,강원특별자치도 평창군 봉평면 태기로 306-7,,강원특별자치도 평창군 봉평면 태기로 306-7,,,128.3380580184,37.5760109846,힐링/명상,[힐링/명상] 한국관광공사 등록 웰니스/힐링 관광지 (힐링),,https://tong.visitkorea.or.kr/cms/resource/30/2994730_image2_1.jpg,2994739
힐링가평오토캠핑장,경기도 가평군 상면 청군로 316,,경기도 가평군 상면 청군로 316,31,1,127.4036045998,37.7569453781,힐링/명상,[힐링/명상] 한국관광공사 등록 웰니스/힐링 관광지 (힐링),,http://tong.visitkorea.or.kr/cms/resource/03/2740203_image2_1.JPG,2740122
힐링닭갈비,경기도 가평군 가평읍 북한강변로 1083,,경기도 가평군 가평읍 북한강변로 1083,31,1,127.5235893675,37.8091692900,힐링/명상,[힐링/명상] 한국관광공사 등록 웰니스/힐링 관광지 (힐링),,http://tong.visitkorea.or.kr/cms/resource/47/2783847_image2_1.jpeg,2783668
힐링별밤수목원캠핑장,경기도 남양주시 수동면 비룡로 1516-19,,경기도 남양주시 수동면 비룡로 1516-19,31,9,127.2736722074,37.7496466275,힐링/명상,[힐링/명상] 한국관광공사 등록 웰니스/힐링 관광지 (힐링),,http://tong.visitkorea.or.kr/cms/resource/17/2730717_image2_1.JPG,2730198
힐링브릿지수상레저,강원특별자치도 춘천시 남면 박암관천길 511-28,,강원특별자치도 춘천시 남면 박암관천길 511-28,,,127.5365445179,37.7215559126,힐링/명상,[힐링/명상] 한국관광공사 등록 웰니스/힐링 관광지 (힐링),,https://tong.visitkorea.or.kr/cms/resource/79/3064879_image2_1.jpg,3064930
힐링빌리지,울산광역시 울주군 서생면 마근1길 22-49,,울산광역시 울주군 서생면 마근1길 22-49,,,129.2799989616,35.3721077299,힐링/명상,[힐링/명상] 한국관광공사 등록 웰니스/힐링 관광지 (힐링),,https://tong.visitkorea.or.kr/cms/resource/60/4081760_image2_1.jpg,2792597
힐링스토리캠핑장,강원특별자치도 횡성군 서원면 금대1길 24-68,,강원특별자치도 횡성군 서원면 금대1길 24-68,,,127.9059161350,37.5142315119,힐링/명상,[힐링/명상] 한국관광공사 등록 웰니스/힐링 관광지 (힐링),,https://tong.visitkorea.or.kr/cms/resource/92/4108192_image2_1.jpg,2732456
힐링스페이스 카페,강원특별자치도 횡성군 청일면 봉덕로299번길 67,,강원특별자치도 횡성군 청일면 봉덕로299번길 67,,,128.184504,37.575214,힐링/명상,[힐링/명상] 한국관광공사 등록 웰니스/힐링 관광지 (힐링),,https://tong.visitkorea.or.kr/cms/resource/33/3477633_image2_1.jpg,3476653
힐링아일랜드글램핑캠핑장,경상남도 남해군 삼동면 죽방로 169,,경상남도 남해군 삼동면 죽방로 169,36,5,127.9874578087,34.8289290556,힐링/명상,[힐링/명상] 한국관광공사 등록 웰니스/힐링 관광지 (힐링),,http://tong.visitkorea.or.kr/cms/resource/09/2731109_image2_1.jpg,2730878
힐링약국,서울특별시 강남구 논현로 829 (신사동),,서울특별시 강남구 논현로 829 (신사동),,,127.027924971498,37.5224065392188,힐링/명상,[힐링/명상] 한국관광공사 등록 웰니스/힐링 관광지 (힐링),,https://tong.visitkorea.or.kr/cms/resource/87/4022587_image2_1.jpg,4011380
힐링오름캠핑장,경상북도 고령군 덕곡면 덕운로 1081,,경상북도 고령군 덕곡면 덕운로 1081,,,128.1910033760,35.8000759725,힐링/명상,[힐링/명상] 한국관광공사 등록 웰니스/힐링 관광지 (힐링),,https://tong.visitkorea.or.kr/cms/resource/81/2792681_image2_1.jpg,2792572
힐링오토캠핑장,경상북도 청도군 매전면 송원길 86-6,,경상북도 청도군 매전면 송원길 86-6,35,20,128.8072178502,35.6136278594,힐링/명상,[힐링/명상] 한국관광공사 등록 웰니스/힐링 관광지 (힐링),,http://tong.visitkorea.or.kr/cms/resource/17/2731117_image2_1.JPG,2730880
"힐링의 명소, 황톳길을 걸어보다",,,,,,127.3862516305,36.3685826107,힐링/명상,[힐링/명상] 한국관광공사 등록 웰니스/힐링 관광지 (힐링),,,1888985
힐링캠프 예서원,강원특별자치도 강릉시 구정면 구정옥봉길 161,,강원특별자치도 강릉시 구정면 구정옥봉길 161,32,1,128.8933325248,37.6996801881,힐링/명상,[힐링/명상] 한국관광공사 등록 웰니스/힐링 관광지 (힐링),,,3534767
힐링캠프예서원,강원특별자치도 강릉시 구정면 구정옥봉길 161,,강원특별자치도 강릉시 구정면 구정옥봉길 161,32,1,128.8933325248,37.6996801881,힐링/명상,[힐링/명상] 한국관광공사 등록 웰니스/힐링 관광지 (힐링),,,3544319
힐링파크,경상남도 하동군 청암면 청학로 1235-19,,경상남도 하동군 청암면 청학로 1235-19,,,127.7738994564,35.1812366717,힐링/명상,[힐링/명상] 한국관광공사 등록 웰니스/힐링 관광지 (힐링),,https://tong.visitkorea.or.kr/cms/resource/29/4101829_image2_1.jpg,2737384
힐링파크 쑥섬쑥섬(애도),전라남도 고흥군 봉래면 나로도항길 120-7,,전라남도 고흥군 봉래면 나로도항길 120-7,38,2,127.4489779659,34.4639022533,힐링/명상,[힐링/명상] 한국관광공사 등록 웰니스/힐링 관광지 (힐링),,http://tong.visitkorea.or.kr/cms/resource/79/3502479_image2_1.jpg,2483970
힐링펜션,충청남도 서천군 서면 춘장대길 62,,충청남도 서천군 서면 춘장대길 62,34,8,126.5218726404,36.1599029763,힐링/명상,[힐링/명상] 한국관광공사 등록 웰니스/힐링 관광지 (힐링),,http://tong.visitkorea.or.kr/cms/resource/70/2571370_image2_1.jpg,2572764
힐링힐스,경기도 남양주시 강변북로632번길 57-28 (수석동),,경기도 남양주시 강변북로632번길 57-28 (수석동),31,9,127.1741498181,37.5877969686,힐링/명상,[힐링/명상] 한국관광공사 등록 웰니스/힐링 관광지 (힐링),,http://tong.visitkorea.or.kr/cms/resource/88/2847388_image2_1.jpg,2847394
(평창~고성) 숲과 바다를 넘나드는 힐링 로드,,,,,,128.5924820105,37.7311294214,힐링/명상,[힐링/명상] 한국관광공사 등록 웰니스/힐링 관광지 (힐링),,,2514879
명상정원,대전광역시 동구 추동,680,대전광역시 동구 추동 680,,,127.486,36.3795,힐링/명상,[힐링/명상] 한국관광공사 등록 웰니스/힐링 관광지 (명상),,https://tong.visitkorea.or.kr/cms/resource/89/3051589_image2_1.JPG,3051657
오대산 자연명상마을,강원특별자치도 평창군 진부면 오대산3길 2,,강원특별자치도 평창군 진부면 오대산3길 2,32,15,128.6002778944,37.7155143495,힐링/명상,[힐링/명상] 한국관광공사 등록 웰니스/힐링 관광지 (명상),,http://tong.visitkorea.or.kr/cms/resource/69/3586769_image2_1.jpg,2710633
오대산 자연명상마을 옴뷔,강원특별자치도 평창군 진부면 오대산3길 2,,강원특별자치도 평창군 진부면 오대산3길 2,,,128.600563932275,37.7159938344686,힐링/명상,[힐링/명상] 한국관광공사 등록 웰니스/힐링 관광지 (명상),,https://tong.visitkorea.or.kr/cms/resource/98/4020698_image2_1.jpg,2792718
증평 좌구산 명상구름다리,충청북도 증평군 증평읍 솟점말길 107,,충청북도 증평군 증평읍 솟점말길 107,,,127.6511196451,36.7055662974,힐링/명상,[힐링/명상] 한국관광공사 등록 웰니스/힐링 관광지 (명상),,https://tong.visitkorea.or.kr/cms/resource/99/4077399_image2_1.jpg,2633957
태권명상숲길,전북특별자치도 무주군 설천면 무설로 1482,,전북특별자치도 무주군 설천면 무설로 1482,,,127.778727049105,36.0092788983726,힐링/명상,[힐링/명상] 한국관광공사 등록 웰니스/힐링 관광지 (명상),,,2673999
2026 국제선명상대회,서울특별시 강남구 봉은사로 531 (삼성동),,서울특별시 강남구 봉은사로 531 (삼성동),,,127.057734484281,37.5158257049833,힐링/명상,[힐링/명상] 한국관광공사 등록 웰니스/힐링 관광지 (명상),010-8441-2371,https://tong.visitkorea.or.kr/cms/resource/90/4054090_image2_1.jpg,3377038
[북한산 둘레길 5구간] 명상길,서울특별시 성북구 정릉동,(정릉주차장~형제봉 입구),서울특별시 성북구 정릉동 (정릉주차장~형제봉 입구),,,126.9965,37.6186,힐링/명상,[힐링/명상] 한국관광공사 등록 웰니스/힐링 관광지 (명상),,https://tong.visitkorea.or.kr/cms/resource/18/3500018_image2_1.jpg,1196886
월정사 템플스테이,강원특별자치도 평창군 진부면 오대산로 374-8,,강원특별자치도 평창군 진부면 오대산로 374-8,32,15,128.5920587127,37.7312290383,힐링/명상,[힐링/명상] 한국관광공사 등록 웰니스/힐링 관광지 (템플스테이),,http://tong.visitkorea.or.kr/cms/resource/06/3534006_image2_1.jpg,2710685
템플스테이 홍보관,서울특별시 종로구 우정국로 56,(견지동),서울특별시 종로구 우정국로 56 (견지동),,,126.9831652256,37.5738766687,힐링/명상,[힐링/명상] 한국관광공사 등록 웰니스/힐링 관광지 (템플스테이),,https://tong.visitkorea.or.kr/cms/resource/83/3050183_image2_1.JPG,1718910
"거제도 일상 회복 청춘 투어, 지친 나를 위로하고 치유하는 여행",,,,36,1,0,0,힐링/명상,[힐링/명상] 한국관광공사 등록 웰니스/힐링 관광지 (치유),,http://tong.visitkorea.or.kr/cms/resource/84/2675084_image2_1.jpg,2821974
거제치유의숲,경상남도 거제시 반송재로 68-37 (삼거동),,경상남도 거제시 반송재로 68-37 (삼거동),,,128.656257429423,34.8312306840544,힐링/명상,[힐링/명상] 한국관광공사 등록 웰니스/힐링 관광지 (치유),,https://tong.visitkorea.or.kr/cms/resource/76/4059476_image2_1.jpg,4059558
경산 치유의 숲,경상북도 경산시 백천길 107-55 (백천동),,경상북도 경산시 백천길 107-55 (백천동),,,128.7427077455,35.7939635169,힐링/명상,[힐링/명상] 한국관광공사 등록 웰니스/힐링 관광지 (치유),,https://tong.visitkorea.or.kr/cms/resource/20/4079320_image2_1.jpg,4079443
고양 동물교감치유 문화제,경기도 고양시 일산동구 중앙로 1271-4 (장항동),일산문화광장,경기도 고양시 일산동구 중앙로 1271-4 (장항동) 일산문화광장,31,2,126.7700763468,37.6579815492,힐링/명상,[힐링/명상] 한국관광공사 등록 웰니스/힐링 관광지 (치유),031-8075-4603,http://tong.visitkorea.or.kr/cms/resource/11/3549011_image2_1.jpg,3025858
국립곡성치유의숲,전라남도 곡성군 곡성읍 청계동로 519,,전라남도 곡성군 곡성읍 청계동로 519,38,3,127.2487519917,35.3109286587,힐링/명상,[힐링/명상] 한국관광공사 등록 웰니스/힐링 관광지 (치유),,http://tong.visitkorea.or.kr/cms/resource/89/3106189_image2_1.jpg,3106682
국립김천치유의숲,경상북도 김천시 증산면 수도길 1237-89,,경상북도 김천시 증산면 수도길 1237-89,,,128.0022157885,35.8513702845,힐링/명상,[힐링/명상] 한국관광공사 등록 웰니스/힐링 관광지 (치유),,https://tong.visitkorea.or.kr/cms/resource/90/3519690_image2_1.jpg,2660941
국립대관령치유의숲,강원특별자치도 강릉시 성산면 대관령옛길 127-42,,강원특별자치도 강릉시 성산면 대관령옛길 127-42,,,128.7990246722837,37.70801453755232,힐링/명상,[힐링/명상] 한국관광공사 등록 웰니스/힐링 관광지 (치유),,https://tong.visitkorea.or.kr/cms/resource/12/3490812_image2_1.jpg,2554069
국립대운산치유의숲,울산광역시 울주군 온양읍 대운상대길 225-92,,울산광역시 울주군 온양읍 대운상대길 225-92,,,129.2361566773,35.3901248944,힐링/명상,[힐링/명상] 한국관광공사 등록 웰니스/힐링 관광지 (치유),,https://tong.visitkorea.or.kr/cms/resource/82/3574582_image2_1.JPG,2555756
국립산림치유원,경상북도 영주시 봉현면 테라피로 209,,경상북도 영주시 봉현면 테라피로 209,,,128.472575420065,36.8577716071484,힐링/명상,[힐링/명상] 한국관광공사 등록 웰니스/힐링 관광지 (치유),,https://tong.visitkorea.or.kr/cms/resource/48/3105948_image2_1.jpg,2447115
국립양평치유의숲,경기도 양평군 양동면 황거길 262-10,,경기도 양평군 양동면 황거길 262-10,,,127.718085903589,37.4611316665459,힐링/명상,[힐링/명상] 한국관광공사 등록 웰니스/힐링 관광지 (치유),,https://tong.visitkorea.or.kr/cms/resource/82/3501782_image2_1.jpg,2554095
국립예산치유의숲,충청남도 예산군 치유숲길 203-31,,충청남도 예산군 치유숲길 203-31,34,11,126.8595751138,36.7032769852,힐링/명상,[힐링/명상] 한국관광공사 등록 웰니스/힐링 관광지 (치유),,http://tong.visitkorea.or.kr/cms/resource/88/2987388_image2_1.jpg,2987390
국립익산치유의숲,전북특별자치도 익산시 웅포면 함라산길 623,,전북특별자치도 익산시 웅포면 함라산길 623,,,126.8970485155,36.0669854516,힐링/명상,[힐링/명상] 한국관광공사 등록 웰니스/힐링 관광지 (치유),,https://tong.visitkorea.or.kr/cms/resource/47/4003147_image2_1.jpg,3580799
국립장성치유의숲(축령산삼나무편백숲),전라남도 장성군 서삼면 추암로 716,,전라남도 장성군 서삼면 추암로 716,,,126.73146115349,35.3688011979408,힐링/명상,[힐링/명상] 한국관광공사 등록 웰니스/힐링 관광지 (치유),,https://tong.visitkorea.or.kr/cms/resource/47/3546847_image2_1.JPG,127394
국립제천치유의숲,충청북도 제천시 청풍면 학현소야로 590,,충청북도 제천시 청풍면 학현소야로 590,,,128.24477047267,37.0128263847435,힐링/명상,[힐링/명상] 한국관광공사 등록 웰니스/힐링 관광지 (치유),,https://tong.visitkorea.or.kr/cms/resource/08/3106108_image2_1.jpg,2718685
국립진안고원산림치유원(국립지덕권산림치유원),전북특별자치도 진안군 백운면 백운동로 473,,전북특별자치도 진안군 백운면 백운동로 473,,,127.43974463018398,35.67986373518212,힐링/명상,[힐링/명상] 한국관광공사 등록 웰니스/힐링 관광지 (치유),,https://tong.visitkorea.or.kr/cms/resource/74/3505974_image2_1.jpg,3505997
다화림식물원&치유정원,전라남도 담양군 대전면 추성1로 419-150,,전라남도 담양군 대전면 추성1로 419-150,,,126.89780289472253,35.29620453221779,힐링/명상,[힐링/명상] 한국관광공사 등록 웰니스/힐링 관광지 (치유),,https://tong.visitkorea.or.kr/cms/resource/55/3581255_image2_1.jpg,3018956
대전 치유의 숲,대전광역시 중구 무수동 195,,대전광역시 중구 무수동 195,,,127.4110125214,36.2899674957,힐링/명상,[힐링/명상] 한국관광공사 등록 웰니스/힐링 관광지 (치유),,https://tong.visitkorea.or.kr/cms/resource/47/3542547_image2_1.jpg,2911386
대치유수지체육공원,서울특별시 강남구 역삼로107길 20-30 (대치동),,서울특별시 강남구 역삼로107길 20-30 (대치동),1,1,117.9925662504,19.6944274800,힐링/명상,[힐링/명상] 한국관광공사 등록 웰니스/힐링 관광지 (치유),,http://tong.visitkorea.or.kr/cms/resource/48/3467748_image2_1.jpg,2733970
로렌츠감성치유시골체험,경기도 평택시 팽성읍 대사로 144-4,,경기도 평택시 팽성읍 대사로 144-4,,,127.067844654792,36.9432704081794,힐링/명상,[힐링/명상] 한국관광공사 등록 웰니스/힐링 관광지 (치유),,https://tong.visitkorea.or.kr/cms/resource/58/4041458_image2_1.jpg,4041453
마니산 치유의 숲,인천광역시 강화군 화도면 마니산로675번길 18,,인천광역시 강화군 화도면 마니산로675번길 18,,,126.42379708762,37.6324589056473,힐링/명상,[힐링/명상] 한국관광공사 등록 웰니스/힐링 관광지 (치유),,https://tong.visitkorea.or.kr/cms/resource/51/4061151_image2_1.jpg,4061181
몸과 마음을 치유하는 에코 테라피,,,,,,126.8088453428,33.4876857016,힐링/명상,[힐링/명상] 한국관광공사 등록 웰니스/힐링 관광지 (치유),,,1855198
무안 물맞이 치유의 숲,전라남도 무안군 무안읍 치유의숲길 40,,전라남도 무안군 무안읍 치유의숲길 40,,,126.47447,34.970575,힐링/명상,[힐링/명상] 한국관광공사 등록 웰니스/힐링 관광지 (치유),,https://tong.visitkorea.or.kr/cms/resource/45/3535745_image2_1.jpg,3014710
백운산 숲에서 즐기는 치유의 캠핑여행,,,,,,127.7175241315,35.0778951220,힐링/명상,[힐링/명상] 한국관광공사 등록 웰니스/힐링 관광지 (치유),,,1885216
백운산치유의숲,전라남도 광양시 백계로 337 백운산휴양림,,전라남도 광양시 백계로 337 백운산휴양림,,,127.5865000000,35.0561000000,힐링/명상,[힐링/명상] 한국관광공사 등록 웰니스/힐링 관광지 (치유),,https://tong.visitkorea.or.kr/cms/resource/65/3000265_image2_1.jpg,3000273
부산 치유의 숲,부산광역시 기장군 철마면 철마천로 101,,부산광역시 기장군 철마면 철마천로 101,,,129.1297811212,35.2689677300,힐링/명상,[힐링/명상] 한국관광공사 등록 웰니스/힐링 관광지 (치유),,https://tong.visitkorea.or.kr/cms/resource/00/4096200_image2_1.jpg,2660770
산과 바다가 주는 푸르른 치유를 만끽하다!,충청남도 서천군 마서면 금강로 1210,,충청남도 서천군 마서면 금강로 1210,,,126.7201104278,36.0369690515,힐링/명상,[힐링/명상] 한국관광공사 등록 웰니스/힐링 관광지 (치유),,,2718373
삼척 활기 치유의 숲,강원특별자치도 삼척시 미로면 준경길 651-230,,강원특별자치도 삼척시 미로면 준경길 651-230,,,129.0539899244,37.3852081456,힐링/명상,[힐링/명상] 한국관광공사 등록 웰니스/힐링 관광지 (치유),,https://tong.visitkorea.or.kr/cms/resource/35/3503735_image2_1.jpg,2746584
생거진천치유의숲,충청북도 진천군 이월면 송림2길 81-200,,충청북도 진천군 이월면 송림2길 81-200,,,127.40321741426054,36.92882857409203,힐링/명상,[힐링/명상] 한국관광공사 등록 웰니스/힐링 관광지 (치유),,https://tong.visitkorea.or.kr/cms/resource/90/3034490_image2_1.JPG,3034501
서귀포 치유의 숲,제주특별자치도 서귀포시 산록남로 2271,,제주특별자치도 서귀포시 산록남로 2271,,,126.5261000000,33.2944000000,힐링/명상,[힐링/명상] 한국관광공사 등록 웰니스/힐링 관광지 (치유),,https://tong.visitkorea.or.kr/cms/resource/78/4043678_image2_1.jpg,2660763
서천 치유의 숲,충청남도 서천군 충서로302번길 88-81 치유센터,,충청남도 서천군 충서로302번길 88-81 치유센터,34,8,126.6599753082,36.1149493668,힐링/명상,[힐링/명상] 한국관광공사 등록 웰니스/힐링 관광지 (치유),,http://tong.visitkorea.or.kr/cms/resource/93/3566693_image2_1.jpg,2720028
아라동 치유의 숲,제주특별자치도 제주시 아라일동 산31-8,,제주특별자치도 제주시 아라일동 산31-8,,,126.555575,33.443987,힐링/명상,[힐링/명상] 한국관광공사 등록 웰니스/힐링 관광지 (치유),,https://tong.visitkorea.or.kr/cms/resource/87/4061087_image2_1.jpg,4061120
"알짜배기 도심 치유여행, 성남",,,,,,127.0809735676,37.4341343527,힐링/명상,[힐링/명상] 한국관광공사 등록 웰니스/힐링 관광지 (치유),,,2371986
"알짜배기 자연 치유여행, 남해",,,,,,128.0509945989,34.7983589943,힐링/명상,[힐링/명상] 한국관광공사 등록 웰니스/힐링 관광지 (치유),,,2371985
약산 해안 치유의 숲,전라남도 완도군 약산면 당목길 148-1,,전라남도 완도군 약산면 당목길 148-1,,,126.9480503923,34.3743140392,힐링/명상,[힐링/명상] 한국관광공사 등록 웰니스/힐링 관광지 (치유),,https://tong.visitkorea.or.kr/cms/resource_photo/97/4071997_image2_1.jpg,3078021
오두산 치유숲,경상남도 고성군 상리면 신촌리,산 31,경상남도 고성군 상리면 신촌리 산 31,,,128.182076557657,35.0178438103428,힐링/명상,[힐링/명상] 한국관광공사 등록 웰니스/힐링 관광지 (치유),,https://tong.visitkorea.or.kr/cms/resource/93/3498993_image2_1.jpg,2028987
완도해양치유센터,전라남도 완도군 신지면 해양치유길 100,,전라남도 완도군 신지면 해양치유길 100,,,126.8184251990,34.3279553371,힐링/명상,[힐링/명상] 한국관광공사 등록 웰니스/힐링 관광지 (치유),,https://tong.visitkorea.or.kr/cms/resource_photo/79/4060779_image2_1.jpg,3081515
인천대공원 치유숲길,인천광역시 남동구 무네미로 236 (장수동),,인천광역시 남동구 무네미로 236 (장수동),2,4,126.7493033010,37.4577461335,힐링/명상,[힐링/명상] 한국관광공사 등록 웰니스/힐링 관광지 (치유),,http://tong.visitkorea.or.kr/cms/resource/92/3422792_image2_1.JPG,3422770
자연닮은 치유농장,대구광역시 군위군 삼국유사면 화산산성길 65-1,,대구광역시 군위군 삼국유사면 화산산성길 65-1,,,128.779976,36.105696,힐링/명상,[힐링/명상] 한국관광공사 등록 웰니스/힐링 관광지 (치유),,https://tong.visitkorea.or.kr/cms/resource/44/3048144_image2_1.jpg,3047610
자연드림치유농장,경상남도 거창군 동변3길 357,,경상남도 거창군 동변3길 357,,,127.9065778392,35.7296794984,힐링/명상,[힐링/명상] 한국관광공사 등록 웰니스/힐링 관광지 (치유),,,2948507
전라남도 마음건강치유센터,전라남도 장흥군 안양면 로하스로 121,,전라남도 장흥군 안양면 로하스로 121,,,126.95813245465364,34.67903050304121,힐링/명상,[힐링/명상] 한국관광공사 등록 웰니스/힐링 관광지 (치유),,,3526255
제천한방자연치유센터,충청북도 제천시 청풍면 학현소야로 324,,충청북도 제천시 청풍면 학현소야로 324,,,128.2183767561,37.0100772607,힐링/명상,[힐링/명상] 한국관광공사 등록 웰니스/힐링 관광지 (치유),,https://tong.visitkorea.or.kr/cms/resource/38/3492838_image2_1.jpg,1992621
지친 몸과 마음을 치유하는 시간,,,,,,128.5409004785,38.1899753084,힐링/명상,[힐링/명상] 한국관광공사 등록 웰니스/힐링 관광지 (치유),,,1853803
창원 편백 치유의 숲,경상남도 창원시 진해구 장복산길 47,,경상남도 창원시 진해구 장복산길 47,36,16,128.6587456835,35.1721886774,힐링/명상,[힐링/명상] 한국관광공사 등록 웰니스/힐링 관광지 (치유),,http://tong.visitkorea.or.kr/cms/resource/63/3576663_image2_1.jpg,2638518
청산해양치유공원,전라남도 완도군 청산면 동촌길 22,,전라남도 완도군 청산면 동촌길 22,,,126.90772833272,34.1829604185438,힐링/명상,[힐링/명상] 한국관광공사 등록 웰니스/힐링 관광지 (치유),,,3019082
초정치유마을,충청북도 청주시 청원구 내수읍 초정약수로 880,,충청북도 청주시 청원구 내수읍 초정약수로 880,,,127.603723,36.720835,힐링/명상,[힐링/명상] 한국관광공사 등록 웰니스/힐링 관광지 (치유),,https://tong.visitkorea.or.kr/cms/resource/41/3571941_image2_1.jpg,3572492
치유농장 뒤란,경기도 김포시 사우로 153 (사우동),,경기도 김포시 사우로 153 (사우동),,,126.7382985244192,37.61876924992164,힐링/명상,[힐링/명상] 한국관광공사 등록 웰니스/힐링 관광지 (치유),,https://tong.visitkorea.or.kr/cms/resource/42/3084342_image2_1.JPG,3084398
치유성형외과의원,서울특별시 강남구 도산대로 110 (논현동),KBL빌딩 9층,서울특별시 강남구 도산대로 110 (논현동) KBL빌딩 9층,,,127.021019329669,37.5162788961317,힐링/명상,[힐링/명상] 한국관광공사 등록 웰니스/힐링 관광지 (치유),,https://tong.visitkorea.or.kr/cms/resource/47/4017647_image2_1.jpg,3307514
치유앤 딸기 체험 농장,경기도 화성시 팔탄면 해창길 155-27,,경기도 화성시 팔탄면 해창길 155-27,,,126.8835984063553,37.09967672400178,힐링/명상,[힐링/명상] 한국관광공사 등록 웰니스/힐링 관광지 (치유),,https://tong.visitkorea.or.kr/cms/resource/32/3466232_image2_1.jpg,3466257
치유의숲 무장애길,경상남도 거창군 가조면 의상봉길 830,,경상남도 거창군 가조면 의상봉길 830,36,2,128.0409208012,35.7366638755,힐링/명상,[힐링/명상] 한국관광공사 등록 웰니스/힐링 관광지 (치유),,http://tong.visitkorea.or.kr/cms/resource/38/3389638_image2_1.JPG,2657716
치유의숲펜션,경기도 포천시 신북면 탑신로 866-15,,경기도 포천시 신북면 탑신로 866-15,31,29,127.1406541873,37.9279456542,힐링/명상,[힐링/명상] 한국관광공사 등록 웰니스/힐링 관광지 (치유),,http://tong.visitkorea.or.kr/cms/resource/37/2739937_image2_1.jpg,2739386
태안해양치유센터,충청남도 태안군 남면 달산포로 85-59,,충청남도 태안군 남면 달산포로 85-59,,,126.2996000000,36.6490000000,힐링/명상,[힐링/명상] 한국관광공사 등록 웰니스/힐링 관광지 (치유),,https://tong.visitkorea.or.kr/cms/resource/79/4094579_image2_1.jpg,4058104
팔영산 편백 치유의 숲,전라남도 고흥군 영남면 천사로 529-191,,전라남도 고흥군 영남면 천사로 529-191,,,127.4098608223,34.6192156228,힐링/명상,[힐링/명상] 한국관광공사 등록 웰니스/힐링 관광지 (치유),,https://tong.visitkorea.or.kr/cms/resource/44/3532744_image2_1.jpg,2760781
편백힐(치유의숲)야영장,전라남도 장성군 북하면 하남실길 212,,전라남도 장성군 북하면 하남실길 212,38,19,126.8974785513,35.3798370788,힐링/명상,[힐링/명상] 한국관광공사 등록 웰니스/힐링 관광지 (치유),,http://tong.visitkorea.or.kr/cms/resource/66/2741766_image2_1.jpg,2741567
하동야생차치유관 티카페하동,경상남도 하동군 화개면 쌍계로 571-27,1층 티카페하동,경상남도 하동군 화개면 쌍계로 571-27 1층 티카페하동,36,18,127.6434693562,35.2265144741,힐링/명상,[힐링/명상] 한국관광공사 등록 웰니스/힐링 관광지 (치유),,http://tong.visitkorea.or.kr/cms/resource/07/3442607_image2_1.jpg,3442627
함평돌머리해수찜치유센터,전라남도 함평군 함평읍 주포로 624,,전라남도 함평군 함평읍 주포로 624,38,22,126.4409318927,35.0858793512,힐링/명상,[힐링/명상] 한국관광공사 등록 웰니스/힐링 관광지 (치유),,,3576309
힐데루시 자연치유 협동조합,경기도 포천시 신북면 청신로1341번길 10-20,,경기도 포천시 신북면 청신로1341번길 10-20,31,29,127.1578517255,37.9585340663,힐링/명상,[힐링/명상] 한국관광공사 등록 웰니스/힐링 관광지 (치유),,,2717423
가곡유황온천&스파,강원특별자치도 삼척시 가곡면 가곡천로 1510,,강원특별자치도 삼척시 가곡면 가곡천로 1510,,,129.2064191502,37.1508517675,뷰티/스파,[뷰티/스파] 한국관광공사 등록 웰니스/힐링 관광지 (스파),,https://tong.visitkorea.or.kr/cms/resource/54/2994054_image2_1.jpg,2994116
강변스파랜드,서울특별시 광진구 구의강변로 45 (구의동),,서울특별시 광진구 구의강변로 45 (구의동),1,6,127.0913227521,37.5349377239,뷰티/스파,[뷰티/스파] 한국관광공사 등록 웰니스/힐링 관광지 (스파),,http://tong.visitkorea.or.kr/cms/resource/98/3401698_image2_1.JPG,128961
골드스파사우나,경기도 파주시 한마음1길 38 (금촌동),골드시티프라자 지하 1층,경기도 파주시 한마음1길 38 (금촌동) 골드시티프라자 지하 1층,,,126.7711865070,37.7569628138,뷰티/스파,[뷰티/스파] 한국관광공사 등록 웰니스/힐링 관광지 (스파),,https://tong.visitkorea.or.kr/cms/resource/85/4089185_image2_1.jpg,4089183
네이처스파,경기도 파주시 교하로 677-20,(동패동),경기도 파주시 교하로 677-20 (동패동),31,27,126.7043392530,37.7089911042,뷰티/스파,[뷰티/스파] 한국관광공사 등록 웰니스/힐링 관광지 (스파),,,2757569
니스파크,강원특별자치도 강릉시 경강로2103번길 10 (임당동),,강원특별자치도 강릉시 경강로2103번길 10 (임당동),32,1,128.8962555229,37.7560098422,뷰티/스파,[뷰티/스파] 한국관광공사 등록 웰니스/힐링 관광지 (스파),,,3543234
대구아이스파크,대구광역시 동구 입석로1길 69-4 (입석동),,대구광역시 동구 입석로1길 69-4 (입석동),,,128.64810362491804,35.89326265245243,뷰티/스파,[뷰티/스파] 한국관광공사 등록 웰니스/힐링 관광지 (스파),,,3058070
더 스파 앳 파라다이스,인천광역시 영종구 영종해안남로321번길 186,(운서동),인천광역시 영종구 영종해안남로321번길 186 (운서동),,,126.4557316796,37.4372922506,뷰티/스파,[뷰티/스파] 한국관광공사 등록 웰니스/힐링 관광지 (스파),,https://tong.visitkorea.or.kr/cms/resource/66/3574866_image2_1.jpg,2715100
더 스파 하스타,인천광역시 연수구 컨벤시아대로 153 (송도동),,인천광역시 연수구 컨벤시아대로 153 (송도동),,,126.64542642443733,37.39022508739128,뷰티/스파,[뷰티/스파] 한국관광공사 등록 웰니스/힐링 관광지 (스파),,https://tong.visitkorea.or.kr/cms/resource/17/3346617_image2_1.jpg,3346627
더모브 인스파이어점,인천광역시 영종구 용유로 700 (운서동),1층,인천광역시 영종구 용유로 700 (운서동) 1층,,,126.375735811829,37.4652582279902,뷰티/스파,[뷰티/스파] 한국관광공사 등록 웰니스/힐링 관광지 (스파),,https://tong.visitkorea.or.kr/cms/resource/08/4045508_image2_1.jpg,4026161
더쉼팡스파앤풀빌라,제주특별자치도 서귀포시 표선면 세성로 67-10,,제주특별자치도 서귀포시 표선면 세성로 67-10,,,126.80309653699,33.311989488845,뷰티/스파,[뷰티/스파] 한국관광공사 등록 웰니스/힐링 관광지 (스파),,https://tong.visitkorea.or.kr/cms/resource/16/4065416_image2_1.jpg,2751860
더케이경주호텔 스파온천,경상북도 경주시 엑스포로 45 (신평동),,경상북도 경주시 엑스포로 45 (신평동),35,2,129.2909580639,35.8370478188,뷰티/스파,[뷰티/스파] 한국관광공사 등록 웰니스/힐링 관광지 (스파),,http://tong.visitkorea.or.kr/cms/resource/33/3037333_image2_1.jpg,128811
더휴식 심도 호텔 앤 스파 신림역점,서울특별시 관악구 남부순환로181길 7 (신림동),,서울특별시 관악구 남부순환로181길 7 (신림동),,,126.93091118184492,37.4849247010036,뷰티/스파,[뷰티/스파] 한국관광공사 등록 웰니스/힐링 관광지 (스파),,https://tong.visitkorea.or.kr/cms/resource/12/3485312_image2_1.jpg,3485369
덕구온천 스파월드,경상북도 울진군 북면 덕구온천로 924,,경상북도 울진군 북면 덕구온천로 924,,,129.28164311985068,37.07940887257336,뷰티/스파,[뷰티/스파] 한국관광공사 등록 웰니스/힐링 관광지 (스파),,https://tong.visitkorea.or.kr/cms/resource/33/3503533_image2_1.jpg,126114
도곡 원네스 스파·리조트,전라남도 화순군 도곡면 온천1길 45,(도곡면),전라남도 화순군 도곡면 온천1길 45 (도곡면),,,126.9032965803,35.0291090361,뷰티/스파,[뷰티/스파] 한국관광공사 등록 웰니스/힐링 관광지 (스파),,https://tong.visitkorea.or.kr/cms/resource/79/3348379_image2_1.JPG,127932
라테라스 코브 스위트(라테라스 부티크 리조트 앤 스파),전라남도 여수시 돌산읍 진모1길 29-12,,전라남도 여수시 돌산읍 진모1길 29-12,38,13,127.7565088433,34.7087912587,뷰티/스파,[뷰티/스파] 한국관광공사 등록 웰니스/힐링 관광지 (스파),,http://tong.visitkorea.or.kr/cms/resource/22/2621522_image2_1.jpg,2621530
러쉬스파 압구정점,서울특별시 강남구 언주로 868 (신사동),B1층,서울특별시 강남구 언주로 868 (신사동) B1층,,,127.033905961716,37.5277473764051,뷰티/스파,[뷰티/스파] 한국관광공사 등록 웰니스/힐링 관광지 (스파),,https://tong.visitkorea.or.kr/cms/resource/96/4024596_image2_1.jpeg,4011571
리조트 스파밸리,대구광역시 달성군 가창면 가창로 891,,대구광역시 달성군 가창면 가창로 891,,,128.6361182690,35.7880124159,뷰티/스파,[뷰티/스파] 한국관광공사 등록 웰니스/힐링 관광지 (스파),,https://tong.visitkorea.or.kr/cms/resource/69/3374569_image2_1.jpg,4095094
바구스스파,대전광역시 서구 원도안로207번길 41 (도안동),1층,대전광역시 서구 원도안로207번길 41 (도안동) 1층,,,127.34249316894,36.3217165061654,뷰티/스파,[뷰티/스파] 한국관광공사 등록 웰니스/힐링 관광지 (스파),,,2808100
반얀트리 클럽 앤 스파 서울,서울특별시 중구 장충단로 60,,서울특별시 중구 장충단로 60,1,24,127.0005250345,37.5501287700,뷰티/스파,[뷰티/스파] 한국관광공사 등록 웰니스/힐링 관광지 (스파),,http://tong.visitkorea.or.kr/cms/resource/65/2719665_image2_1.jpg,1045657
부곡스파디움 따오기호텔,경상남도 창녕군 부곡면 온천중앙로 42,,경상남도 창녕군 부곡면 온천중앙로 42,,,128.5887573152279,35.4389396775684,뷰티/스파,[뷰티/스파] 한국관광공사 등록 웰니스/힐링 관광지 (스파),,,3075684
브이스파 롯데백화점 본점 에비뉴엘,서울특별시 중구 남대문로 73 (남대문로2가),10층,서울특별시 중구 남대문로 73 (남대문로2가) 10층,,,126.981781474221,37.56424508512,뷰티/스파,[뷰티/스파] 한국관광공사 등록 웰니스/힐링 관광지 (스파),,https://tong.visitkorea.or.kr/cms/resource/24/4020024_image2_1.jpg,2917240
상관리조트&스파,전북특별자치도 완주군 상관면 죽림편백길 118-38,,전북특별자치도 완주군 상관면 죽림편백길 118-38,,,127.207538237568,35.7442903265836,뷰티/스파,[뷰티/스파] 한국관광공사 등록 웰니스/힐링 관광지 (스파),,https://tong.visitkorea.or.kr/cms/resource/41/2779641_image2_1.jpg,2778949
석정온천휴스파,전북특별자치도 고창군 고창읍 석정2로 173,,전북특별자치도 고창군 고창읍 석정2로 173,,,126.741010128374,35.4320389573517,뷰티/스파,[뷰티/스파] 한국관광공사 등록 웰니스/힐링 관광지 (스파),,https://tong.visitkorea.or.kr/cms/resource/25/2780625_image2_1.jpg,2778917
설화수 발란스스파,서울특별시 강남구 도산대로45길 18 (신사동),4층,서울특별시 강남구 도산대로45길 18 (신사동) 4층,,,127.035484424146,37.5235577031642,뷰티/스파,[뷰티/스파] 한국관광공사 등록 웰니스/힐링 관광지 (스파),,https://tong.visitkorea.or.kr/cms/resource/27/4044527_image2_1.jpg,2924569
센텀시티 스파랜드,부산광역시 해운대구 센텀남대로 35 (우동),,부산광역시 해운대구 센텀남대로 35 (우동),,,129.12952414849948,35.16881749492334,뷰티/스파,[뷰티/스파] 한국관광공사 등록 웰니스/힐링 관광지 (스파),,https://tong.visitkorea.or.kr/cms/resource/02/3544802_image2_1.JPEG,702551
속초스파랜드,강원특별자치도 속초시 미시령로3359번길 20,,강원특별자치도 속초시 미시령로3359번길 20,32,5,128.5746011552,38.2071873354,뷰티/스파,[뷰티/스파] 한국관광공사 등록 웰니스/힐링 관광지 (스파),,http://tong.visitkorea.or.kr/cms/resource/16/3048516_image2_1.jpg,1799724
슈스파 스타필드 고양점,경기도 고양시 덕양구 고양대로 1955 (동산동),1층,경기도 고양시 덕양구 고양대로 1955 (동산동) 1층,,,126.89477806511,37.6469771187284,뷰티/스파,[뷰티/스파] 한국관광공사 등록 웰니스/힐링 관광지 (스파),,https://tong.visitkorea.or.kr/cms/resource/82/4018782_image2_1.jpg,2899910
슈스파 스타필드 수원점,경기도 수원시 장안구 수성로 175 (정자동),3층,경기도 수원시 장안구 수성로 175 (정자동) 3층,,,126.991574559571,37.2874453391147,뷰티/스파,[뷰티/스파] 한국관광공사 등록 웰니스/힐링 관광지 (스파),,https://tong.visitkorea.or.kr/cms/resource/49/4023049_image2_1.jpg,4011456
스위스파크,인천광역시 영종구 을왕로58번길 8,(을왕동),인천광역시 영종구 을왕로58번길 8 (을왕동),2,10,126.3725712499,37.4493043832,뷰티/스파,[뷰티/스파] 한국관광공사 등록 웰니스/힐링 관광지 (스파),,,2702315
스테이 패스포트 익스프레스 스파 당산점,서울특별시 영등포구 양평로 92-1 (양평동4가),,서울특별시 영등포구 양평로 92-1 (양평동4가),,,126.89698465084324,37.53664903446674,뷰티/스파,[뷰티/스파] 한국관광공사 등록 웰니스/힐링 관광지 (스파),,https://tong.visitkorea.or.kr/cms/resource/39/3484339_image2_1.jpg,3484356
스파더스페이스,경상남도 창원시 마산합포구 구산면 유산군령로 250,,경상남도 창원시 마산합포구 구산면 유산군령로 250,,,128.56141110873676,35.13084867673456,뷰티/스파,[뷰티/스파] 한국관광공사 등록 웰니스/힐링 관광지 (스파),,https://tong.visitkorea.or.kr/cms/resource/89/3385789_image2_1.JPG,3397899
스파디움24,경기도 남양주시 다산순환로 20 (다산동),다산현대프리미어캠퍼스 C동 B1층,경기도 남양주시 다산순환로 20 (다산동) 다산현대프리미어캠퍼스 C동 B1층,,,127.15281160937275,37.61344442410233,뷰티/스파,[뷰티/스파] 한국관광공사 등록 웰니스/힐링 관광지 (스파),,https://tong.visitkorea.or.kr/cms/resource/05/3385805_image2_1.JPG,3386242
스파라스파 (곤지암리조트),경기도 광주시 도척면 도척윗로 278,,경기도 광주시 도척면 도척윗로 278,,,127.3031451131,37.3366117815,뷰티/스파,[뷰티/스파] 한국관광공사 등록 웰니스/힐링 관광지 (스파),,https://tong.visitkorea.or.kr/cms/resource/04/3077204_image2_1.jpg,1178650
스파레이,서울특별시 서초구 강남대로107길 5 (잠원동),,서울특별시 서초구 강남대로107길 5 (잠원동),1,15,127.0182965393,37.5182911216,뷰티/스파,[뷰티/스파] 한국관광공사 등록 웰니스/힐링 관광지 (스파),,http://tong.visitkorea.or.kr/cms/resource/72/2024972_image2_1.jpg,584698
스파리조트 안단테,전라남도 장흥군 안양면 수문용곡로 270,,전라남도 장흥군 안양면 수문용곡로 270,,,127.04280195786146,34.63813362369975,뷰티/스파,[뷰티/스파] 한국관광공사 등록 웰니스/힐링 관광지 (스파),,https://tong.visitkorea.or.kr/cms/resource/38/3382038_image2_1.JPG,591636
스파밸리 워터파크,대구광역시 달성군 가창면 가창로 891,,대구광역시 달성군 가창면 가창로 891,,,128.6361182690,35.7880124159,뷰티/스파,[뷰티/스파] 한국관광공사 등록 웰니스/힐링 관광지 (스파),,https://tong.visitkorea.or.kr/cms/resource/39/4081039_image2_1.jpg,127934
스파뷰호텔,충청남도 예산군 덕산면 온천단지2로 77,,충청남도 예산군 덕산면 온천단지2로 77,,,126.66210997807858,36.68875151607506,뷰티/스파,[뷰티/스파] 한국관광공사 등록 웰니스/힐링 관광지 (스파),,https://tong.visitkorea.or.kr/cms/resource/22/3459522_image2_1.jpg,3446629
스파오 AK플라자 수원점,경기도 수원시 팔달구 덕영대로 924 (매산로1가),5층,경기도 수원시 팔달구 덕영대로 924 (매산로1가) 5층,,,127.000179930083,37.2655920786365,뷰티/스파,[뷰티/스파] 한국관광공사 등록 웰니스/힐링 관광지 (스파),,https://tong.visitkorea.or.kr/cms/resource/92/4042992_image2_1.JPG,4025440
스파오 AK플라자 홍대점,서울특별시 마포구 와우산로37길 35 (동교동),,서울특별시 마포구 와우산로37길 35 (동교동),,,126.929035860751,37.5564381192339,뷰티/스파,[뷰티/스파] 한국관광공사 등록 웰니스/힐링 관광지 (스파),,https://tong.visitkorea.or.kr/cms/resource/83/4018483_image2_1.jpg,2924347
스파오 NC 신구로점,서울특별시 구로구 구로중앙로 152 (구로동),3층,서울특별시 구로구 구로중앙로 152 (구로동) 3층,,,126.882773011925,37.5011601442131,뷰티/스파,[뷰티/스파] 한국관광공사 등록 웰니스/힐링 관광지 (스파),,https://tong.visitkorea.or.kr/cms/resource/22/4017822_image2_1.jpg,3305712
스파오 강남2호점,서울특별시 서초구 강남대로 415 (서초동),"대동빌딩 1, 2층","서울특별시 서초구 강남대로 415 (서초동) 대동빌딩 1, 2층",,,127.026339775243,37.4995604045649,뷰티/스파,[뷰티/스파] 한국관광공사 등록 웰니스/힐링 관광지 (스파),,https://tong.visitkorea.or.kr/cms/resource/33/4043333_image2_1.jpg,4025593
스파오 강남점,서울특별시 강남구 강남대로 432 (역삼동),2-3층,서울특별시 강남구 강남대로 432 (역삼동) 2-3층,,,127.026630556235,37.5012350392984,뷰티/스파,[뷰티/스파] 한국관광공사 등록 웰니스/힐링 관광지 (스파),,https://tong.visitkorea.or.kr/cms/resource/34/4043334_image2_1.jpg,4026618
스파오 광주 상무점,광주광역시 서구 상무중앙로 58 (치평동),,광주광역시 서구 상무중앙로 58 (치평동),,,126.848918921313,35.1521050861596,뷰티/스파,[뷰티/스파] 한국관광공사 등록 웰니스/힐링 관광지 (스파),,https://tong.visitkorea.or.kr/cms/resource/44/4021444_image2_1.jpg,4008442
스파오 구미문화로점,경상북도 구미시 문화로 5 (원평동),"대암스퀘어 1,2층","경상북도 구미시 문화로 5 (원평동) 대암스퀘어 1,2층",,,128.332228012787,36.1298561980329,뷰티/스파,[뷰티/스파] 한국관광공사 등록 웰니스/힐링 관광지 (스파),,https://tong.visitkorea.or.kr/cms/resource/56/4043956_image2_1.JPG,3556879
스파오 뉴코아아울렛 일산점,경기도 고양시 일산동구 중앙로 1206 (마두동),4층,경기도 고양시 일산동구 중앙로 1206 (마두동) 4층,,,126.776836304918,37.6545811413927,뷰티/스파,[뷰티/스파] 한국관광공사 등록 웰니스/힐링 관광지 (스파),,https://tong.visitkorea.or.kr/cms/resource/86/4044686_image2_1.jpg,2928809
스파오 뉴코아아울렛 평촌점,경기도 안양시 동안구 동안로 119 (호계동),4층,경기도 안양시 동안구 동안로 119 (호계동) 4층,,,126.951223253535,37.3892103451392,뷰티/스파,[뷰티/스파] 한국관광공사 등록 웰니스/힐링 관광지 (스파),,https://tong.visitkorea.or.kr/cms/resource/87/4021587_image2_1.jpg,3306366
스파오 동성로2호점,대구광역시 중구 동성로1길 15 (동성로3가),1층,대구광역시 중구 동성로1길 15 (동성로3가) 1층,,,128.594649534283,35.8670087940219,뷰티/스파,[뷰티/스파] 한국관광공사 등록 웰니스/힐링 관광지 (스파),,https://tong.visitkorea.or.kr/cms/resource/25/4024125_image2_1.jpg,4008756
스파오 동성로중앙점,대구광역시 중구 동성로 36 (동성로2가),1층,대구광역시 중구 동성로 36 (동성로2가) 1층,,,128.595819120136,35.8701410428818,뷰티/스파,[뷰티/스파] 한국관광공사 등록 웰니스/힐링 관광지 (스파),,https://tong.visitkorea.or.kr/cms/resource/24/4024124_image2_1.jpg,4008755
스파오 롯데몰 은평점,서울특별시 은평구 통일로 1050 (진관동),2층,서울특별시 은평구 통일로 1050 (진관동) 2층,,,126.917900261732,37.6375366740938,뷰티/스파,[뷰티/스파] 한국관광공사 등록 웰니스/힐링 관광지 (스파),,https://tong.visitkorea.or.kr/cms/resource/68/4043068_image2_1.jpg,4027230
스파오 모다아울렛 인천점,인천광역시 서해구 북항로32번안길 50 (원창동),3층,인천광역시 서해구 북항로32번안길 50 (원창동) 3층,,,126.64772504066,37.5099191232844,뷰티/스파,[뷰티/스파] 한국관광공사 등록 웰니스/힐링 관광지 (스파),,https://tong.visitkorea.or.kr/cms/resource/69/4021169_image2_1.jpg,3307512
스파오 모다아울렛 춘천점,"강원특별자치도 춘천시 방송길 77 (온의동, 춘천 센트럴타워 푸르지오)",B1층,"강원특별자치도 춘천시 방송길 77 (온의동, 춘천 센트럴타워 푸르지오) B1층",,,127.72047703505,37.8694788164144,뷰티/스파,[뷰티/스파] 한국관광공사 등록 웰니스/힐링 관광지 (스파),,https://tong.visitkorea.or.kr/cms/resource/05/4042305_image2_1.JPG,3307628
스파오 부산대역점,부산광역시 금정구 부산대학로 29 (장전동),1층,부산광역시 금정구 부산대학로 29 (장전동) 1층,,,129.088019769268,35.2307915342883,뷰티/스파,[뷰티/스파] 한국관광공사 등록 웰니스/힐링 관광지 (스파),,https://tong.visitkorea.or.kr/cms/resource/96/4023796_image2_1.jpg,4008017
스파오 서면중앙점,부산광역시 부산진구 중앙대로692번길 38 (부전동),1층,부산광역시 부산진구 중앙대로692번길 38 (부전동) 1층,,,129.061284364964,35.1542036149893,뷰티/스파,[뷰티/스파] 한국관광공사 등록 웰니스/힐링 관광지 (스파),,https://tong.visitkorea.or.kr/cms/resource/42/4021442_image2_1.jpg,4008088
스파오 스타필드 고양점,경기도 고양시 덕양구 고양대로 1955 (동산동),B1층,경기도 고양시 덕양구 고양대로 1955 (동산동) B1층,,,126.89477806511,37.6469771187284,뷰티/스파,[뷰티/스파] 한국관광공사 등록 웰니스/힐링 관광지 (스파),,https://tong.visitkorea.or.kr/cms/resource/58/4018858_image2_1.jpg,2907208
스파오 스타필드 수원점,경기도 수원시 장안구 수성로 175 (정자동),3층,경기도 수원시 장안구 수성로 175 (정자동) 3층,,,126.991574559571,37.2874453391147,뷰티/스파,[뷰티/스파] 한국관광공사 등록 웰니스/힐링 관광지 (스파),,https://tong.visitkorea.or.kr/cms/resource/33/4042933_image2_1.JPG,4025426
스파오 스타필드 시티 부천점,경기도 부천시 소사구 옥길로 1 (옥길동),3층,경기도 부천시 소사구 옥길로 1 (옥길동) 3층,,,126.813940279533,37.4615202479021,뷰티/스파,[뷰티/스파] 한국관광공사 등록 웰니스/힐링 관광지 (스파),,https://tong.visitkorea.or.kr/cms/resource/01/4044801_image2_1.jpg,4025363
스파오 스타필드 코엑스몰점,서울특별시 강남구 영동대로 513 (삼성동),B1층,서울특별시 강남구 영동대로 513 (삼성동) B1층,,,127.059159043842,37.5118239121138,뷰티/스파,[뷰티/스파] 한국관광공사 등록 웰니스/힐링 관광지 (스파),,https://tong.visitkorea.or.kr/cms/resource/13/4024013_image2_1.jpg,4011596
스파오 신제주점,제주특별자치도 제주시 신광로 42 (연동),,제주특별자치도 제주시 신광로 42 (연동),,,126.489824135742,33.4884518138034,뷰티/스파,[뷰티/스파] 한국관광공사 등록 웰니스/힐링 관광지 (스파),,https://tong.visitkorea.or.kr/cms/resource/69/4020369_image2_1.jpg,2923735
스파오 신촌점,서울특별시 마포구 신촌로 94 (노고산동),,서울특별시 마포구 신촌로 94 (노고산동),,,126.936001762116,37.5549939272318,뷰티/스파,[뷰티/스파] 한국관광공사 등록 웰니스/힐링 관광지 (스파),,https://tong.visitkorea.or.kr/cms/resource/37/4019137_image2_1.jpg,2929386
스파오 아산점,충청남도 아산시 번영로 225 (모종동),,충청남도 아산시 번영로 225 (모종동),,,127.015900817212,36.7846406948284,뷰티/스파,[뷰티/스파] 한국관광공사 등록 웰니스/힐링 관광지 (스파),,https://tong.visitkorea.or.kr/cms/resource/61/4019661_image2_1.jpg,2911510
스파오 원마운트점,경기도 고양시 일산서구 한류월드로 300 (대화동),,경기도 고양시 일산서구 한류월드로 300 (대화동),,,126.754526582068,37.6645540981816,뷰티/스파,[뷰티/스파] 한국관광공사 등록 웰니스/힐링 관광지 (스파),,https://tong.visitkorea.or.kr/cms/resource/03/4044703_image2_1.jpg,2931337
스파오 의정부점,경기도 의정부시 시민로121번길 28 (의정부동),,경기도 의정부시 시민로121번길 28 (의정부동),,,127.049472888855,37.7396986483566,뷰티/스파,[뷰티/스파] 한국관광공사 등록 웰니스/힐링 관광지 (스파),,https://tong.visitkorea.or.kr/cms/resource/35/4018635_image2_1.jpg,2910024
스파오 이스퀘어 안산중앙점,경기도 안산시 단원구 당곡로 20 (고잔동),이스퀘어 2층,경기도 안산시 단원구 당곡로 20 (고잔동) 이스퀘어 2층,,,126.833797790159,37.3187965288894,뷰티/스파,[뷰티/스파] 한국관광공사 등록 웰니스/힐링 관광지 (스파),,https://tong.visitkorea.or.kr/cms/resource/36/4021936_image2_1.jpg,4008178
스파오 이스퀘어 전주객사점,전북특별자치도 전주시 완산구 전주객사4길 19 (고사동),,전북특별자치도 전주시 완산구 전주객사4길 19 (고사동),,,127.14365874691,35.8184494165909,뷰티/스파,[뷰티/스파] 한국관광공사 등록 웰니스/힐링 관광지 (스파),,https://tong.visitkorea.or.kr/cms/resource/70/4045770_image2_1.jpg,4027397
스파오 제주중앙로점,제주특별자치도 제주시 중앙로 53 (일도일동),천년타워,제주특별자치도 제주시 중앙로 53 (일도일동) 천년타워,,,126.524933082691,33.5135430276523,뷰티/스파,[뷰티/스파] 한국관광공사 등록 웰니스/힐링 관광지 (스파),,https://tong.visitkorea.or.kr/cms/resource/14/4020414_image2_1.jpg,2925738
스파오 지웰시티몰 청주점,충청북도 청주시 흥덕구 대농로 47-1 (복대동),B1층,충청북도 청주시 흥덕구 대농로 47-1 (복대동) B1층,,,127.427834972852,36.643339680739,뷰티/스파,[뷰티/스파] 한국관광공사 등록 웰니스/힐링 관광지 (스파),,https://tong.visitkorea.or.kr/cms/resource/29/4023529_image2_1.jpg,4009669
스파오 진주점,경상남도 진주시 진주대로 1070 (대안동),,경상남도 진주시 진주대로 1070 (대안동),,,128.083806700523,35.195117115389,뷰티/스파,[뷰티/스파] 한국관광공사 등록 웰니스/힐링 관광지 (스파),,https://tong.visitkorea.or.kr/cms/resource/66/4022666_image2_1.jpg,4008318
스파오 천안신부점,충청남도 천안시 동남구 만남로 32-1 (신부동),,충청남도 천안시 동남구 만남로 32-1 (신부동),,,127.155731576116,36.8185608380221,뷰티/스파,[뷰티/스파] 한국관광공사 등록 웰니스/힐링 관광지 (스파),,https://tong.visitkorea.or.kr/cms/resource/63/4023563_image2_1.jpg,4013267
스파오 춘천점,강원특별자치도 춘천시 금강로 68-12 (조양동),,강원특별자치도 춘천시 금강로 68-12 (조양동),,,127.727884444759,37.878760319319,뷰티/스파,[뷰티/스파] 한국관광공사 등록 웰니스/힐링 관광지 (스파),,https://tong.visitkorea.or.kr/cms/resource/58/4042258_image2_1.JPG,4010365
스파오 충장로점,광주광역시 동구 충장로 78 (충장로3가),,광주광역시 동구 충장로 78 (충장로3가),,,126.915690888566,35.1484454325276,뷰티/스파,[뷰티/스파] 한국관광공사 등록 웰니스/힐링 관광지 (스파),,https://tong.visitkorea.or.kr/cms/resource/32/4042132_image2_1.jpeg,4008430
스파오 키즈 뉴코아아울렛 산본점,경기도 군포시 번영로 504 (산본동),3층,경기도 군포시 번영로 504 (산본동) 3층,,,126.933175158373,37.3581051591978,뷰티/스파,[뷰티/스파] 한국관광공사 등록 웰니스/힐링 관광지 (스파),,https://tong.visitkorea.or.kr/cms/resource/62/4023062_image2_1.jpg,3306782
스파오 홍대점,서울특별시 마포구 양화로 153 (동교동),2층,서울특별시 마포구 양화로 153 (동교동) 2층,,,126.922631917858,37.5564943733388,뷰티/스파,[뷰티/스파] 한국관광공사 등록 웰니스/힐링 관광지 (스파),,https://tong.visitkorea.or.kr/cms/resource/60/4024360_image2_1.jpeg,4012531
스파오키즈 2001아울렛 중계점,서울특별시 노원구 동일로204가길 46 (중계동),,서울특별시 노원구 동일로204가길 46 (중계동),,,127.067907398806,37.6412864943823,뷰티/스파,[뷰티/스파] 한국관광공사 등록 웰니스/힐링 관광지 (스파),,https://tong.visitkorea.or.kr/cms/resource/72/4022172_image2_1.jpg,3305437
스파오키즈 모다아울렛 인천점,인천광역시 서해구 북항로32번안길 50 (원창동),3층,인천광역시 서해구 북항로32번안길 50 (원창동) 3층,,,126.64772504066,37.5099191232844,뷰티/스파,[뷰티/스파] 한국관광공사 등록 웰니스/힐링 관광지 (스파),,https://tong.visitkorea.or.kr/cms/resource/14/4021214_image2_1.jpg,3306317
스파이더 덕소삼패점,경기도 남양주시 고산로 237 (삼패동),베스트몰 1층,경기도 남양주시 고산로 237 (삼패동) 베스트몰 1층,,,127.192556122655,37.5946664530208,뷰티/스파,[뷰티/스파] 한국관광공사 등록 웰니스/힐링 관광지 (스파),,https://tong.visitkorea.or.kr/cms/resource/94/4020594_image2_1.jpg,2915736
스파이더 동인천점,인천광역시 제물포구 개항로 39-2 (내동),,인천광역시 제물포구 개항로 39-2 (내동),,,126.627148634126,37.472058459339,뷰티/스파,[뷰티/스파] 한국관광공사 등록 웰니스/힐링 관광지 (스파),,https://tong.visitkorea.or.kr/cms/resource/08/4044908_image2_1.png,4026157
스파이더 롯데아울렛 청주점,충청북도 청주시 흥덕구 2순환로 1004 (비하동),3층,충청북도 청주시 흥덕구 2순환로 1004 (비하동) 3층,,,127.421741267405,36.6451689853204,뷰티/스파,[뷰티/스파] 한국관광공사 등록 웰니스/힐링 관광지 (스파),,https://tong.visitkorea.or.kr/cms/resource/55/4042155_image2_1.jpg,4013288
스파이더 롯데프리미엄아울렛 기흥점,경기도 용인시 기흥구 신고매로 124 (고매동),1층,경기도 용인시 기흥구 신고매로 124 (고매동) 1층,,,127.121283960956,37.2255419641124,뷰티/스파,[뷰티/스파] 한국관광공사 등록 웰니스/힐링 관광지 (스파),,https://tong.visitkorea.or.kr/cms/resource/68/4021668_image2_1.jpg,2907062
스파이더 롯데프리미엄아울렛 김해점,경상남도 김해시 장유로 469 (신문동),2층,경상남도 김해시 장유로 469 (신문동) 2층,,,128.829596369018,35.1850621204763,뷰티/스파,[뷰티/스파] 한국관광공사 등록 웰니스/힐링 관광지 (스파),,https://tong.visitkorea.or.kr/cms/resource/26/4023426_image2_1.jpg,2923737
스파이더 롯데프리미엄아울렛 동부산점,부산광역시 기장군 기장읍 기장해안로 147,,부산광역시 기장군 기장읍 기장해안로 147,,,129.212495349946,35.1923229796397,뷰티/스파,[뷰티/스파] 한국관광공사 등록 웰니스/힐링 관광지 (스파),,https://tong.visitkorea.or.kr/cms/resource/73/4022773_image2_1.jpg,2930730
스파이더 롯데프리미엄아울렛 이천점,경기도 이천시 호법면 프리미엄아울렛로 177-74,2층,경기도 이천시 호법면 프리미엄아울렛로 177-74 2층,,,127.400026089807,37.2422268786208,뷰티/스파,[뷰티/스파] 한국관광공사 등록 웰니스/힐링 관광지 (스파),,https://tong.visitkorea.or.kr/cms/resource/21/4043421_image2_1.JPG,4011899
스파이더 신세계사이먼프리미엄아울렛 부산점,부산광역시 기장군 장안읍 정관로 1133,3층,부산광역시 기장군 장안읍 정관로 1133 3층,,,129.236072800234,35.3249413082094,뷰티/스파,[뷰티/스파] 한국관광공사 등록 웰니스/힐링 관광지 (스파),,https://tong.visitkorea.or.kr/cms/resource/40/4044540_image2_1.png,4012387
스파이더 압구정 직영점,서울특별시 강남구 선릉로157길 15 (신사동),,서울특별시 강남구 선릉로157길 15 (신사동),,,127.038519985545,37.5259016106048,뷰티/스파,[뷰티/스파] 한국관광공사 등록 웰니스/힐링 관광지 (스파),,https://tong.visitkorea.or.kr/cms/resource/98/4020198_image2_1.jpg,2930958
스파이더 여주프리미엄 빌리지,경기도 여주시 명품로 316-16 (상거동),,경기도 여주시 명품로 316-16 (상거동),,,127.615889307933,37.2426837311569,뷰티/스파,[뷰티/스파] 한국관광공사 등록 웰니스/힐링 관광지 (스파),,https://tong.visitkorea.or.kr/cms/resource/51/4021951_image2_1.jpg,2914213
스파이더 춘천점,"강원특별자치도 춘천시 중앙로67번길 18 (죽림동, 브라운가)",,"강원특별자치도 춘천시 중앙로67번길 18 (죽림동, 브라운가)",,,127.728393934447,37.8780265137905,뷰티/스파,[뷰티/스파] 한국관광공사 등록 웰니스/힐링 관광지 (스파),,https://tong.visitkorea.or.kr/cms/resource/39/4041939_image2_1.JPG,4008020
스파크랜드,대구광역시 중구 동성로6길 61,(공평동),대구광역시 중구 동성로6길 61 (공평동),,,128.5987391255,35.8687062154,뷰티/스파,[뷰티/스파] 한국관광공사 등록 웰니스/힐링 관광지 (스파),,,2704112
심슨더스파이스,경기도 파주시 운정벌판길 24-22 (상지석동),,경기도 파주시 운정벌판길 24-22 (상지석동),31,27,126.7705465711,37.7272234925,뷰티/스파,[뷰티/스파] 한국관광공사 등록 웰니스/힐링 관광지 (스파),,http://tong.visitkorea.or.kr/cms/resource/96/2862196_image2_1.JPG,2862209
아늑한가 서울한옥 스테이 풀빌라 스파펜션,경기도 의정부시 평화로15번길 11 (호원동),,경기도 의정부시 평화로15번길 11 (호원동),31,25,127.0439392124,37.6937656278,뷰티/스파,[뷰티/스파] 한국관광공사 등록 웰니스/힐링 관광지 (스파),,,3532743
아늑호텔 앤 스파 종로운니점,"서울특별시 종로구 돈화문로11가길 89 (운니동, 시티파크)",,"서울특별시 종로구 돈화문로11가길 89 (운니동, 시티파크)",,,126.98983225519629,37.57651640336824,뷰티/스파,[뷰티/스파] 한국관광공사 등록 웰니스/힐링 관광지 (스파),,https://tong.visitkorea.or.kr/cms/resource/89/3484389_image2_1.jpg,3484425
아늑호텔 앤 스파 평택점,경기도 평택시 송탄로 446 (지산동),,경기도 평택시 송탄로 446 (지산동),,,127.05815506396968,37.083270473695684,뷰티/스파,[뷰티/스파] 한국관광공사 등록 웰니스/힐링 관광지 (스파),,https://tong.visitkorea.or.kr/cms/resource/68/3484168_image2_1.jpg,3484193
아르케스파 홍대점,서울특별시 마포구 와우산로18길 34 (서교동),,서울특별시 마포구 와우산로18길 34 (서교동),,,126.924006661208,37.551694390298,뷰티/스파,[뷰티/스파] 한국관광공사 등록 웰니스/힐링 관광지 (스파),,https://tong.visitkorea.or.kr/cms/resource/35/4022235_image2_1.jpg,4008932
아산 스파비스,충청남도 아산시 음봉면 아산온천로157번길 67,,충청남도 아산시 음봉면 아산온천로157번길 67,,,126.980607833088,36.8557916243408,뷰티/스파,[뷰티/스파] 한국관광공사 등록 웰니스/힐링 관광지 (스파),,https://tong.visitkorea.or.kr/cms/resource/19/4009019_image2_1.jpg,127767
아산 스파포레,충청남도 아산시 음봉면 신수리,,충청남도 아산시 음봉면 신수리,,,126.980462,36.857213,뷰티/스파,[뷰티/스파] 한국관광공사 등록 웰니스/힐링 관광지 (스파),,https://tong.visitkorea.or.kr/cms/resource/43/3033543_image2_1.jpg,3033548
아일랜드 리솜 오아식스 선셋스파,충청남도 태안군 안면읍 꽃지해안로 204,,충청남도 태안군 안면읍 꽃지해안로 204,,,126.3384130097,36.4880765314,뷰티/스파,[뷰티/스파] 한국관광공사 등록 웰니스/힐링 관광지 (스파),,https://tong.visitkorea.or.kr/cms/resource/30/4073630_image2_1.jpg,127958
에스파스 루이비통 서울,서울특별시 강남구 압구정로 454 (청담동),루이비통 메종 서울 4층,서울특별시 강남구 압구정로 454 (청담동) 루이비통 메종 서울 4층,1,1,127.0462410086,37.5256657669,뷰티/스파,[뷰티/스파] 한국관광공사 등록 웰니스/힐링 관광지 (스파),,http://tong.visitkorea.or.kr/cms/resource/88/3080488_image2_1.JPG,3080501
에잇세컨즈 동성로 스파크몰점,대구광역시 중구 동성로6길 61 (공평동),2층,대구광역시 중구 동성로6길 61 (공평동) 2층,,,128.598741541322,35.8687083802364,뷰티/스파,[뷰티/스파] 한국관광공사 등록 웰니스/힐링 관광지 (스파),,https://tong.visitkorea.or.kr/cms/resource/31/4024131_image2_1.jpg,4008762
연천로하스파크,경기도 연천군 군남면 군중로 134,,경기도 연천군 군남면 군중로 134,31,21,127.0450653650,38.1310729674,뷰티/스파,[뷰티/스파] 한국관광공사 등록 웰니스/힐링 관광지 (스파),,http://tong.visitkorea.or.kr/cms/resource/52/2735352_image2_1.JPG,2735298
오레브핫스프링앤스파,제주특별자치도 서귀포시 태평로 152 (호근동),,제주특별자치도 서귀포시 태평로 152 (호근동),,,126.53825656755784,33.24329540701989,뷰티/스파,[뷰티/스파] 한국관광공사 등록 웰니스/힐링 관광지 (스파),,https://tong.visitkorea.or.kr/cms/resource/11/3343511_image2_1.jpg,3343597
온천의 고장에서 즐기는 스파와 캠핑,,,,,,126.8589002626,36.7502327898,뷰티/스파,[뷰티/스파] 한국관광공사 등록 웰니스/힐링 관광지 (스파),,,1889785
올리브영 울산테라스파크점,울산광역시 동구 방어진순환도로 652 (일산동),,울산광역시 동구 방어진순환도로 652 (일산동),,,129.428845197832,35.4999595903965,뷰티/스파,[뷰티/스파] 한국관광공사 등록 웰니스/힐링 관광지 (스파),,https://tong.visitkorea.or.kr/cms/resource/81/4028881_image2_1.jpg,2931607
올리브영 인천인스파이어점,인천광역시 영종구 공항문화로 127 (운서동),,인천광역시 영종구 공항문화로 127 (운서동),,,126.389117686755,37.4655300794822,뷰티/스파,[뷰티/스파] 한국관광공사 등록 웰니스/힐링 관광지 (스파),,https://tong.visitkorea.or.kr/cms/resource/63/4028963_image2_1.jpg,4009527
올리브영 홈플러스파주운정점,경기도 파주시 청암로17번길 17 (목동동),1층,경기도 파주시 청암로17번길 17 (목동동) 1층,,,126.736860627485,37.7294215154692,뷰티/스파,[뷰티/스파] 한국관광공사 등록 웰니스/힐링 관광지 (스파),,https://tong.visitkorea.or.kr/cms/resource/44/4027844_image2_1.png,3306324
용인엑스파크공원,경기도 용인시 기흥구 보정동 1180,,경기도 용인시 기흥구 보정동 1180,31,23,127.1103131339,37.3228404432,뷰티/스파,[뷰티/스파] 한국관광공사 등록 웰니스/힐링 관광지 (스파),,,2660539
이천도자예술마을 (이천 예스파크),경기도 이천시 신둔면 도자예술로5번길 109,,경기도 이천시 신둔면 도자예술로5번길 109,,,127.38568496349652,37.29309768198148,뷰티/스파,[뷰티/스파] 한국관광공사 등록 웰니스/힐링 관광지 (스파),,https://tong.visitkorea.or.kr/cms/resource/82/4056982_image2_1.jpg,2763775
인스파이어 엔터테인먼트 리조트,인천광역시 영종구 공항문화로 127 (운서동),,인천광역시 영종구 공항문화로 127 (운서동),,,126.38933787369898,37.465656935719224,뷰티/스파,[뷰티/스파] 한국관광공사 등록 웰니스/힐링 관광지 (스파),,https://tong.visitkorea.or.kr/cms/resource/96/4066596_image2_1.jpg,3073495
장유스파랜드,경상남도 김해시 대청로104번길 84 (삼문동),,경상남도 김해시 대청로104번길 84 (삼문동),,,128.807255087127,35.1878529018136,뷰티/스파,[뷰티/스파] 한국관광공사 등록 웰니스/힐링 관광지 (스파),,https://tong.visitkorea.or.kr/cms/resource/87/3083287_image2_1.jpg,3083295
제천킹스파찜질방,충청북도 제천시 풍양로9길 5 (의림동),,충청북도 제천시 풍양로9길 5 (의림동),,,128.2085470278,37.1384511602,뷰티/스파,[뷰티/스파] 한국관광공사 등록 웰니스/힐링 관광지 (스파),,https://tong.visitkorea.or.kr/cms/resource/14/4091214_image2_1.jpg,4091211
중흥골드스파&리조트,전라남도 나주시 다도면 나주호로 558-314,,전라남도 나주시 다도면 나주호로 558-314,,,126.8716321607,34.9477847997,뷰티/스파,[뷰티/스파] 한국관광공사 등록 웰니스/힐링 관광지 (스파),,,981384
진안 홍삼스파,전북특별자치도 진안군 진안읍 외사양길 16-10,,전북특별자치도 진안군 진안읍 외사양길 16-10,,,127.4174896504,35.7761541072,뷰티/스파,[뷰티/스파] 한국관광공사 등록 웰니스/힐링 관광지 (스파),,https://tong.visitkorea.or.kr/cms/resource/38/3022138_image2_1.jpg,2656454
청도굿스파키즈풀빌라,경상북도 청도군 대전칠엽신길 82-60,,경상북도 청도군 대전칠엽신길 82-60,35,20,128.6403091121,35.6556783730,뷰티/스파,[뷰티/스파] 한국관광공사 등록 웰니스/힐링 관광지 (스파),,http://tong.visitkorea.or.kr/cms/resource/88/2813888_image2_1.jpg,2814161
청라 스파렉스,인천광역시 서해구 청라커낼로260번길 15 (청라동),10층,인천광역시 서해구 청라커낼로260번길 15 (청라동) 10층,,,126.6463660673,37.5320815515,뷰티/스파,[뷰티/스파] 한국관광공사 등록 웰니스/힐링 관광지 (스파),,,2660736
키위스파랜드,인천광역시 계양구 아나지로 306 (작전동),,인천광역시 계양구 아나지로 306 (작전동),,,126.72585102582248,37.52533603088363,뷰티/스파,[뷰티/스파] 한국관광공사 등록 웰니스/힐링 관광지 (스파),,https://tong.visitkorea.or.kr/cms/resource/58/3522358_image2_1.jpg,3522510
테라피 스파 소베,광주광역시 서구 상무연하로 33,"1층,2층","광주광역시 서구 상무연하로 33 1층,2층",,,126.84992041052305,35.151262181673985,뷰티/스파,[뷰티/스파] 한국관광공사 등록 웰니스/힐링 관광지 (스파),,https://tong.visitkorea.or.kr/cms/resource/82/3424782_image2_1.jpg,2660923
티파니스파호텔,경상남도 거제시 동부면 거제중앙로 3,,경상남도 거제시 동부면 거제중앙로 3,,,128.640640210755,34.7748890202794,뷰티/스파,[뷰티/스파] 한국관광공사 등록 웰니스/힐링 관광지 (스파),,https://tong.visitkorea.or.kr/cms/resource/86/1981386_image2_1.jpg,138794
파라다이스 스파 도고,충청남도 아산시 도고면 도고온천로 176,,충청남도 아산시 도고면 도고온천로 176,,,126.88793315194,36.7655314530224,뷰티/스파,[뷰티/스파] 한국관광공사 등록 웰니스/힐링 관광지 (스파),,https://tong.visitkorea.or.kr/cms/resource/38/2480338_image2_1.jpg,631934
파라다이스 스파 도고 캐빈 파크,충청남도 아산시 도고면 도고온천로 176,,충청남도 아산시 도고면 도고온천로 176,34,9,126.8876097874,36.7656064111,뷰티/스파,[뷰티/스파] 한국관광공사 등록 웰니스/힐링 관광지 (스파),,http://tong.visitkorea.or.kr/cms/resource/83/3574183_image2_1.jpg,1812270
파크하비오 워터킹덤&스파,"서울특별시 송파구 송파대로 111 (문정동, 파크하비오)",,"서울특별시 송파구 송파대로 111 (문정동, 파크하비오)",1,18,127.1232269102,37.4819416730,뷰티/스파,[뷰티/스파] 한국관광공사 등록 웰니스/힐링 관광지 (스파),,http://tong.visitkorea.or.kr/cms/resource/43/3095643_image2_1.jpg,2606150
포레스트 리솜 해브나인 스파,충청북도 제천시 백운면 금봉로 365,,충청북도 제천시 백운면 금봉로 365,,,128.0461352928,37.1587938992,뷰티/스파,[뷰티/스파] 한국관광공사 등록 웰니스/힐링 관광지 (스파),,https://tong.visitkorea.or.kr/cms/resource/83/4090583_image2_1.jpg,2769846
핀스파크지천점,경상북도 칠곡군 지천면 창평리 627-3,,경상북도 칠곡군 지천면 창평리 627-3,,,128.4917418202,35.9691968670,뷰티/스파,[뷰티/스파] 한국관광공사 등록 웰니스/힐링 관광지 (스파),,https://tong.visitkorea.or.kr/cms/resource/06/3065006_image2_1.jpg,3065039
한방스파 여용국,서울특별시 송파구 석촌호수로12길 60 (잠실동),2층,서울특별시 송파구 석촌호수로12길 60 (잠실동) 2층,,,127.07991549575566,37.50833641619342,뷰티/스파,[뷰티/스파] 한국관광공사 등록 웰니스/힐링 관광지 (스파),,https://tong.visitkorea.or.kr/cms/resource/33/3393333_image2_1.JPG,2589657
한탄리버스파호텔,강원특별자치도 철원군 동송읍 태봉로 1799-22,,강원특별자치도 철원군 동송읍 태봉로 1799-22,,,127.2897590159,38.1860879824,뷰티/스파,[뷰티/스파] 한국관광공사 등록 웰니스/힐링 관광지 (스파),,https://tong.visitkorea.or.kr/cms/resource/61/4008661_image2_1.jpg,602420
호텔스파텔,충청남도 아산시 음봉면 아산온천로243번길 27,,충청남도 아산시 음봉면 아산온천로243번길 27,34,9,126.9836958849,36.8556782803,뷰티/스파,[뷰티/스파] 한국관광공사 등록 웰니스/힐링 관광지 (스파),,,1926439
호텔포레 더 스파,부산광역시 동구 중앙대로296번길 6,(초량동),부산광역시 동구 중앙대로296번길 6 (초량동),6,5,129.0446439572,35.1226151856,뷰티/스파,[뷰티/스파] 한국관광공사 등록 웰니스/힐링 관광지 (스파),,http://tong.visitkorea.or.kr/cms/resource/39/3095139_image2_1.jpg,2378912
화성홀스파크,경기도 화성시 효행구 봉담읍 매봉로 218,,경기도 화성시 효행구 봉담읍 매봉로 218,,,126.925634416731,37.2310810703484,뷰티/스파,[뷰티/스파] 한국관광공사 등록 웰니스/힐링 관광지 (스파),,,3075881
화왕산스파호텔,경상남도 창녕군 부곡면 온천1길 3,,경상남도 창녕군 부곡면 온천1길 3,,,128.585193988204,35.4407845140476,뷰티/스파,[뷰티/스파] 한국관광공사 등록 웰니스/힐링 관광지 (스파),,,142909
훈스파이 본점,경기도 성남시 분당구 궁내로 22 (궁내동),,경기도 성남시 분당구 궁내로 22 (궁내동),,,127.0988456201,37.3697925722,뷰티/스파,[뷰티/스파] 한국관광공사 등록 웰니스/힐링 관광지 (스파),,https://tong.visitkorea.or.kr/cms/resource/97/2902397_image2_1.jpg,2902635
휘닉스파크 렌탈샵 에이스,강원특별자치도 평창군 봉평면 태기로 349,,강원특별자치도 평창군 봉평면 태기로 349,,,128.3416987881,37.5737013181,뷰티/스파,[뷰티/스파] 한국관광공사 등록 웰니스/힐링 관광지 (스파),,https://tong.visitkorea.or.kr/cms/resource/33/4114033_image2_1.JPEG,4114010
5K스파펜텔,강원특별자치도 강릉시 창해로 363 (강문동),,강원특별자치도 강릉시 창해로 363 (강문동),32,1,128.9170552197,37.7949862941,뷰티/스파,[뷰티/스파] 한국관광공사 등록 웰니스/힐링 관광지 (스파),,,3540044
JW 메리어트 제주 리조트 & 스파,제주특별자치도 서귀포시 태평로 152 (호근동),,제주특별자치도 서귀포시 태평로 152 (호근동),,,126.538638,33.243844,뷰티/스파,[뷰티/스파] 한국관광공사 등록 웰니스/힐링 관광지 (스파),,https://tong.visitkorea.or.kr/cms/resource/32/3344532_image2_1.jpg,3344565
가조 백두산천지온천,경상남도 거창군 가조면 온천길 161,,경상남도 거창군 가조면 온천길 161,,,128.022909347583,35.6984908704128,뷰티/스파,[뷰티/스파] 한국관광공사 등록 웰니스/힐링 관광지 (온천),,https://tong.visitkorea.or.kr/cms/resource/83/3414283_image2_1.jpg,127956
거제도해수보양온천,경상남도 거제시 수양로 507,(양정동),경상남도 거제시 수양로 507 (양정동),,,128.6347,34.8917,뷰티/스파,[뷰티/스파] 한국관광공사 등록 웰니스/힐링 관광지 (온천),,https://tong.visitkorea.or.kr/cms/resource/00/3516400_image2_1.jpg,127966
금강온천,충청남도 공주시 고마나루길 51-12,(웅진동),충청남도 공주시 고마나루길 51-12 (웅진동),34,1,127.1075231830,36.4627950745,뷰티/스파,[뷰티/스파] 한국관광공사 등록 웰니스/힐링 관광지 (온천),,http://tong.visitkorea.or.kr/cms/resource/34/3057334_image2_1.JPG,127850
능암탄산온천,충청북도 충주시 앙성면 새바지길 37,,충청북도 충주시 앙성면 새바지길 37,,,127.8021737986,37.0937001752,뷰티/스파,[뷰티/스파] 한국관광공사 등록 웰니스/힐링 관광지 (온천),,https://tong.visitkorea.or.kr/cms/resource/61/2603261_image2_1.jpg,127949
담양리조트 온천,전라남도 담양군 금성면 금성산성길 202,,전라남도 담양군 금성면 금성산성길 202,38,7,127.0243537910,35.3651770098,뷰티/스파,[뷰티/스파] 한국관광공사 등록 웰니스/힐링 관광지 (온천),,http://tong.visitkorea.or.kr/cms/resource/37/3077537_image2_1.jpg,127847
덕구온천호텔&콘도,경상북도 울진군 북면 덕구온천로 924,,경상북도 울진군 북면 덕구온천로 924,35,18,129.2842331949,37.0790592288,뷰티/스파,[뷰티/스파] 한국관광공사 등록 웰니스/힐링 관광지 (온천),,http://tong.visitkorea.or.kr/cms/resource/39/3503639_image2_1.jpg,142962
덕산싸이판대온천,충청남도 예산군 덕산면 온천단지3로 84,,충청남도 예산군 덕산면 온천단지3로 84,34,11,126.6523690438,36.6946521466,뷰티/스파,[뷰티/스파] 한국관광공사 등록 웰니스/힐링 관광지 (온천),,http://tong.visitkorea.or.kr/cms/resource/16/3031316_image2_1.jpg,3031321
덕산온천지구,충청남도 예산군 덕산면 온천단지2로 19,,충청남도 예산군 덕산면 온천단지2로 19,34,11,126.6596379692,36.6895250851,뷰티/스파,[뷰티/스파] 한국관광공사 등록 웰니스/힐링 관광지 (온천),,http://tong.visitkorea.or.kr/cms/resource/76/3055376_image2_1.jpg,125859
도고온천모두캠핑장,충청남도 아산시 도고면 도고온천로 207-20,,충청남도 아산시 도고면 도고온천로 207-20,34,9,126.8800354577,36.7660895564,뷰티/스파,[뷰티/스파] 한국관광공사 등록 웰니스/힐링 관광지 (온천),,http://tong.visitkorea.or.kr/cms/resource/04/2729604_image2_1.jpg,2729306
도곡온천단지,전라남도 화순군 도곡면 천암리,,전라남도 화순군 도곡면 천암리,,,126.9028750000,35.0296260000,뷰티/스파,[뷰티/스파] 한국관광공사 등록 웰니스/힐링 관광지 (온천),,https://tong.visitkorea.or.kr/cms/resource/44/3013444_image2_1.jpg,3013448
동래온천길(온천천 카페거리),부산광역시 동래구 온천천로 451,"도시철도 온천장역(부산광역시 동래구 중앙대로 1520), 도시철도 동래역(부산광역시 동래구 중앙대로 1324), 온천천 카페거리(부산광역시 동래구 온천천로 451)","부산광역시 동래구 온천천로 451 도시철도 온천장역(부산광역시 동래구 중앙대로 1520), 도시철도 동래역(부산광역시 동래구 중앙대로 1324), 온천천 카페거리(부산광역시 동래구 온천천로 451)",6,6,129.1024592605,35.1916279693,뷰티/스파,[뷰티/스파] 한국관광공사 등록 웰니스/힐링 관광지 (온천),,http://tong.visitkorea.or.kr/cms/resource/33/2822333_image2_1.png,2822334
동래온천노천족욕탕,부산광역시 동래구 금강공원로26번길 21,,부산광역시 동래구 금강공원로26번길 21,,,129.081445329643,35.2199975933787,뷰티/스파,[뷰티/스파] 한국관광공사 등록 웰니스/힐링 관광지 (온천),,,128706
동해보양온천 컨벤션호텔,강원특별자치도 동해시 동해대로 6285 (망상동),,강원특별자치도 동해시 동해대로 6285 (망상동),,,129.0873820010352,37.592716113088656,뷰티/스파,[뷰티/스파] 한국관광공사 등록 웰니스/힐링 관광지 (온천),,https://tong.visitkorea.or.kr/cms/resource/32/4058532_image2_1.jpg,1772807
동해약천온천실버타운,강원특별자치도 동해시 석두골길 145,,강원특별자치도 동해시 석두골길 145,32,3,129.0669812828,37.5942068674,뷰티/스파,[뷰티/스파] 한국관광공사 등록 웰니스/힐링 관광지 (온천),,http://tong.visitkorea.or.kr/cms/resource/97/3350597_image2_1.jpg,2711056
등억온천단지,울산광역시 울주군 상북면 알프스온천로 197,,울산광역시 울주군 상북면 알프스온천로 197,7,5,129.0720851999,35.5543366785,뷰티/스파,[뷰티/스파] 한국관광공사 등록 웰니스/힐링 관광지 (온천),,http://tong.visitkorea.or.kr/cms/resource/64/3084264_image2_1.jpg,127012
문경종합온천,경상북도 문경시 문경읍 온천2길 24,,경상북도 문경시 문경읍 온천2길 24,35,7,128.1091343918,36.7300491533,뷰티/스파,[뷰티/스파] 한국관광공사 등록 웰니스/힐링 관광지 (온천),,http://tong.visitkorea.or.kr/cms/resource/50/3408350_image2_1.jpg,126647
미성온천,대구광역시 달서구 조암남로28길 9,(대천동),대구광역시 달서구 조암남로28길 9 (대천동),,,128.517517668532,35.8176385544248,뷰티/스파,[뷰티/스파] 한국관광공사 등록 웰니스/힐링 관광지 (온천),,,2770713
미송온천호텔,전라남도 화순군 도곡면 온천2길 51,,전라남도 화순군 도곡면 온천2길 51,,,126.904552171773,35.0229431213791,뷰티/스파,[뷰티/스파] 한국관광공사 등록 웰니스/힐링 관광지 (온천),,https://tong.visitkorea.or.kr/cms/resource/66/1972166_image2_1.jpg,138863
발리온천,울산광역시 울주군 온양읍 상발2길 34,,울산광역시 울주군 온양읍 상발2길 34,7,5,129.2931117223,35.4059713746,뷰티/스파,[뷰티/스파] 한국관광공사 등록 웰니스/힐링 관광지 (온천),,http://tong.visitkorea.or.kr/cms/resource/77/3077977_image2_1.bmp,128210
백암온천 관광특구,경상북도 울진군 온정면 온천로 5,,경상북도 울진군 온정면 온천로 5,,,129.341907,36.720173,뷰티/스파,[뷰티/스파] 한국관광공사 등록 웰니스/힐링 관광지 (온천),,https://tong.visitkorea.or.kr/cms/resource/49/3510249_image2_1.jpg,1957631
백암온천마을 영농조합법인 야영장,경상북도 울진군 온정면 온정리,665-2,경상북도 울진군 온정면 온정리 665-2,35,18,129.3416976010,36.7080166477,뷰티/스파,[뷰티/스파] 한국관광공사 등록 웰니스/힐링 관광지 (온천),,http://tong.visitkorea.or.kr/cms/resource/63/2909263_image2_1.jpg,2909282
범서온천 지지워터피아,울산광역시 울주군 범서읍 두동로 704,,울산광역시 울주군 범서읍 두동로 704,,,129.2219874221,35.6257634505,뷰티/스파,[뷰티/스파] 한국관광공사 등록 웰니스/힐링 관광지 (온천),,,2788442
변산온천산장,전북특별자치도 부안군 변산면 묵정길 83-6,,전북특별자치도 부안군 변산면 묵정길 83-6,,,126.5585348764,35.6885524635,뷰티/스파,[뷰티/스파] 한국관광공사 등록 웰니스/힐링 관광지 (온천),,https://tong.visitkorea.or.kr/cms/resource/11/4096511_image2_1.jpg,134273
보원장탄온천,경기도 구리시 안골로 79,(수택동),경기도 구리시 안골로 79 (수택동),31,6,127.1400331992,37.5976063224,뷰티/스파,[뷰티/스파] 한국관광공사 등록 웰니스/힐링 관광지 (온천),,http://tong.visitkorea.or.kr/cms/resource/15/2782315_image2_1.jpg,2782126
복골온천펜션,강원특별자치도 양양군 강현면 복골길201번길 58,,강원특별자치도 양양군 강현면 복골길201번길 58,32,7,128.5654068117,38.1416308966,뷰티/스파,[뷰티/스파] 한국관광공사 등록 웰니스/힐링 관광지 (온천),,,979536
부곡온천 관광특구,경상남도 창녕군 부곡면 거문리,,경상남도 창녕군 부곡면 거문리,,,128.5876,35.4411,뷰티/스파,[뷰티/스파] 한국관광공사 등록 웰니스/힐링 관광지 (온천),,https://tong.visitkorea.or.kr/cms/resource/95/4046195_image2_1.jpg,1957667
북면황토방온천장,경상남도 창원시 의창구 북면 천주로1170번길 17-10,,경상남도 창원시 의창구 북면 천주로1170번길 17-10,,,128.612307723721,35.3539036243361,뷰티/스파,[뷰티/스파] 한국관광공사 등록 웰니스/힐링 관광지 (온천),,,816762
북수원온천,경기도 수원시 장안구 서부로 2139 (율전동),"8, 9층","경기도 수원시 장안구 서부로 2139 (율전동) 8, 9층",,,126.97167420170977,37.299453192472605,뷰티/스파,[뷰티/스파] 한국관광공사 등록 웰니스/힐링 관광지 (온천),,https://tong.visitkorea.or.kr/cms/resource/92/2746092_image2_1.jpg,2745737
브이온천모텔,울산광역시 울주군 상북면 알프스온천2길 10,,울산광역시 울주군 상북면 알프스온천2길 10,,,129.078744558793,35.5535026161301,뷰티/스파,[뷰티/스파] 한국관광공사 등록 웰니스/힐링 관광지 (온천),,https://tong.visitkorea.or.kr/cms/resource/43/1502643_image2_1.jpg,1503294
세심천온천호텔,충청남도 예산군 삽교읍 수암산로 210,,충청남도 예산군 삽교읍 수암산로 210,34,11,126.6706037474,36.6857229357,뷰티/스파,[뷰티/스파] 한국관광공사 등록 웰니스/힐링 관광지 (온천),,http://tong.visitkorea.or.kr/cms/resource/62/3039162_image2_1.jpg,3039115
소노벨 청송 솔샘온천,경상북도 청송군 주왕산면 소노로 38,소노벨 청송 지하3층,경상북도 청송군 주왕산면 소노로 38 소노벨 청송 지하3층,,,129.11037679345,36.3766465126355,뷰티/스파,[뷰티/스파] 한국관광공사 등록 웰니스/힐링 관광지 (온천),,https://tong.visitkorea.or.kr/cms/resource/04/3407404_image2_1.png,3407767
소백산풍기온천리조트,경상북도 영주시 풍기읍 죽령로 1400,,경상북도 영주시 풍기읍 죽령로 1400,,,128.479057234514,36.8882958337791,뷰티/스파,[뷰티/스파] 한국관광공사 등록 웰니스/힐링 관광지 (온천),,,1702606
수목원생활온천,대구광역시 달서구 상화로 79 (진천동),,대구광역시 달서구 상화로 79 (진천동),,,128.52269005654924,35.8081091187563,뷰티/스파,[뷰티/스파] 한국관광공사 등록 웰니스/힐링 관광지 (온천),,,2766491
수안보온천 관광특구,충청북도 충주시 수안보면 주정산로 12,,충청북도 충주시 수안보면 주정산로 12,,,127.9890109187,36.8483108777,뷰티/스파,[뷰티/스파] 한국관광공사 등록 웰니스/힐링 관광지 (온천),,https://tong.visitkorea.or.kr/cms/resource/89/4060089_image2_1.jpg,1958101
수안보온천 족욕길,충청북도 충주시 수안보면 주정산로 35,,충청북도 충주시 수안보면 주정산로 35,,,127.9893278862,36.8460711576,뷰티/스파,[뷰티/스파] 한국관광공사 등록 웰니스/힐링 관광지 (온천),,https://tong.visitkorea.or.kr/cms/resource/62/4077762_image2_1.jpg,3343355
신북온천리조트,경기도 포천시 신북면 청신로 571,,경기도 포천시 신북면 청신로 571,,,127.104381066157,37.9742658805815,뷰티/스파,[뷰티/스파] 한국관광공사 등록 웰니스/힐링 관광지 (온천),,https://tong.visitkorea.or.kr/cms/resource/06/3489206_image2_1.jpg,1601852
아산시 온천 관광특구,충청남도 아산시,음봉면 신수리 일원,충청남도 아산시 음봉면 신수리 일원,34,9,126.8859654775,36.7661174346,뷰티/스파,[뷰티/스파] 한국관광공사 등록 웰니스/힐링 관광지 (온천),,http://tong.visitkorea.or.kr/cms/resource/46/3048846_image2_1.jpg,1958051
안동학가산온천,경상북도 안동시 서후면 학가산온천길 14,,경상북도 안동시 서후면 학가산온천길 14,35,11,128.6480626201,36.5891280904,뷰티/스파,[뷰티/스파] 한국관광공사 등록 웰니스/힐링 관광지 (온천),,http://tong.visitkorea.or.kr/cms/resource/71/3585771_image2_1.jpg,2738052
알프스온천모텔,울산광역시 울주군 상북면 알프스온천2길 9,,울산광역시 울주군 상북면 알프스온천2길 9,,,129.0795778123,35.5535637358,뷰티/스파,[뷰티/스파] 한국관광공사 등록 웰니스/힐링 관광지 (온천),,https://tong.visitkorea.or.kr/cms/resource/99/4104999_image2_1.jpeg,820041
앙성온천지구,충청북도 충주시 앙성면 가곡로,,충청북도 충주시 앙성면 가곡로,33,11,127.7970214496,37.0937849348,뷰티/스파,[뷰티/스파] 한국관광공사 등록 웰니스/힐링 관광지 (온천),,http://tong.visitkorea.or.kr/cms/resource/37/3061937_image2_1.jpg,128006
앙성탄산온천,충청북도 충주시 앙성면 가곡로 1457,,충청북도 충주시 앙성면 가곡로 1457,33,11,127.7970992194,37.0938432626,뷰티/스파,[뷰티/스파] 한국관광공사 등록 웰니스/힐링 관광지 (온천),,http://tong.visitkorea.or.kr/cms/resource/10/3061810_image2_1.jpg,128020
연산온천파크,경상북도 포항시 북구 송라면 보경로 516,,경상북도 포항시 북구 송라면 보경로 516,35,23,129.3195908237,36.2509848675,뷰티/스파,[뷰티/스파] 한국관광공사 등록 웰니스/힐링 관광지 (온천),,http://tong.visitkorea.or.kr/cms/resource/50/3037750_image2_1.jpg,127914
영일만온천,경상북도 포항시 남구 대송면 운제로386번길 21,,경상북도 포항시 남구 대송면 운제로386번길 21,35,23,129.3614568976,35.9529194075,뷰티/스파,[뷰티/스파] 한국관광공사 등록 웰니스/힐링 관광지 (온천),,http://tong.visitkorea.or.kr/cms/resource/65/3042865_image2_1.jpg,126648
영주온천관광호텔,경상북도 영주시 대학로240번길 8,,경상북도 영주시 대학로240번길 8,,,128.605691688014,36.8165624326559,뷰티/스파,[뷰티/스파] 한국관광공사 등록 웰니스/힐링 관광지 (온천),,https://tong.visitkorea.or.kr/cms/resource/39/2017239_image2_1.JPG,2017268
영주온천랜드,경상북도 영주시 대학로240번길 6 (가흥동),,경상북도 영주시 대학로240번길 6 (가흥동),35,14,128.6052903736,36.8167234810,뷰티/스파,[뷰티/스파] 한국관광공사 등록 웰니스/힐링 관광지 (온천),,http://tong.visitkorea.or.kr/cms/resource/25/3412625_image2_1.jpg,3030663
영주의 온천과 풍기 인삼을 체험하다,,,,,,128.4570584073,36.9199443821,뷰티/스파,[뷰티/스파] 한국관광공사 등록 웰니스/힐링 관광지 (온천),,,1943419
예천온천,경상북도 예천군 감천면 온천길 27,(감천면),경상북도 예천군 감천면 온천길 27 (감천면),35,16,128.4990886733,36.7230460966,뷰티/스파,[뷰티/스파] 한국관광공사 등록 웰니스/힐링 관광지 (온천),,http://tong.visitkorea.or.kr/cms/resource/32/3036132_image2_1.jpg,127178
오색탄산온천,강원특별자치도 양양군 서면 대청봉길 34,,강원특별자치도 양양군 서면 대청봉길 34,,,128.447999055191,38.080717380594,뷰티/스파,[뷰티/스파] 한국관광공사 등록 웰니스/힐링 관광지 (온천),,https://tong.visitkorea.or.kr/cms/resource/07/3495307_image2_1.jpg,127952
온양 온천 랜드,충청남도 아산시 삼동로28번길 46 (모종동),,충청남도 아산시 삼동로28번길 46 (모종동),,,127.01577021875751,36.78104627216301,뷰티/스파,[뷰티/스파] 한국관광공사 등록 웰니스/힐링 관광지 (온천),,https://tong.visitkorea.or.kr/cms/resource/66/3046166_image2_1.jpg,3046172
온양온천시장,충청남도 아산시 시장길 29,(온천동),충청남도 아산시 시장길 29 (온천동),34,9,127.0043015565,36.7833480876,뷰티/스파,[뷰티/스파] 한국관광공사 등록 웰니스/힐링 관광지 (온천),,http://tong.visitkorea.or.kr/cms/resource/70/3060070_image2_1.jpg,132495
온양온천지구,충청남도 아산시 온천동,,충청남도 아산시 온천동,34,9,126.9995242099,36.7833257842,뷰티/스파,[뷰티/스파] 한국관광공사 등록 웰니스/힐링 관광지 (온천),,http://tong.visitkorea.or.kr/cms/resource/40/3570140_image2_1.jpg,125856
온천시장,부산광역시 동래구 온천장로125번길 41-8 (온천동),,부산광역시 동래구 온천장로125번길 41-8 (온천동),,,129.083003298667,35.2229667250757,뷰티/스파,[뷰티/스파] 한국관광공사 등록 웰니스/힐링 관광지 (온천),,https://tong.visitkorea.or.kr/cms/resource/28/3083328_image2_1.jpg,3083333
온천욕 뒤 곰장어와 파전으로 몸보신,,,,,,129.0814453296,35.2199975934,뷰티/스파,[뷰티/스파] 한국관광공사 등록 웰니스/힐링 관광지 (온천),,,2037446
"온천으로 뜨끈하게 달구고, 대게로 몸보신",,,,,,129.4205761183,37.0578715077,뷰티/스파,[뷰티/스파] 한국관광공사 등록 웰니스/힐링 관광지 (온천),,,2037412
온천집,서울특별시 종로구 돈화문로11나길 31-8,,서울특별시 종로구 돈화문로11나길 31-8,,,126.9898145732,37.5740045511,뷰티/스파,[뷰티/스파] 한국관광공사 등록 웰니스/힐링 관광지 (온천),,https://tong.visitkorea.or.kr/cms/resource/66/2997166_image2_1.jpg,2902549
온천천 빛 축제,부산광역시 동래구 중앙대로 1324 (온천동),부산 온천천 (도시철도 동래역 4번출구 하부 ~ 큰나무 쉼터 일원),부산광역시 동래구 중앙대로 1324 (온천동) 부산 온천천 (도시철도 동래역 4번출구 하부 ~ 큰나무 쉼터 일원),6,6,129.0785081817,35.2056537329,뷰티/스파,[뷰티/스파] 한국관광공사 등록 웰니스/힐링 관광지 (온천),051-550-6642,http://tong.visitkorea.or.kr/cms/resource/72/3574272_image2_1.jpg,3434800
온천천시민공원,부산광역시 연제구 온천천남로 39 (연산동),,부산광역시 연제구 온천천남로 39 (연산동),,,129.092543,35.193006,뷰티/스파,[뷰티/스파] 한국관광공사 등록 웰니스/힐링 관광지 (온천),,https://tong.visitkorea.or.kr/cms/resource/18/3498718_image2_1.jpg,2789280
온천칼국수,대전광역시 유성구 온천북로 61 (봉명동),,대전광역시 유성구 온천북로 61 (봉명동),3,4,127.3497987873,36.3566448445,뷰티/스파,[뷰티/스파] 한국관광공사 등록 웰니스/힐링 관광지 (온천),,http://tong.visitkorea.or.kr/cms/resource/97/2734997_image2_1.jpg,2734919
온천호텔사우나,경상남도 하동군 화개면 화개로 413,,경상남도 하동군 화개면 화개로 413,,,127.6382889704,35.2207545967,뷰티/스파,[뷰티/스파] 한국관광공사 등록 웰니스/힐링 관광지 (온천),,,137799
올리브영 대전유성온천역점,대전광역시 유성구 대학로 11 (봉명동),,대전광역시 유성구 대학로 11 (봉명동),,,127.341459198701,36.3549244467671,뷰티/스파,[뷰티/스파] 한국관광공사 등록 웰니스/힐링 관광지 (온천),,https://tong.visitkorea.or.kr/cms/resource/36/4028236_image2_1.jpeg,4007983
올리브영 부산온천점,"부산광역시 동래구 온천장로65번길 9 (온천동, 동래 3차 SK VIEW)",,"부산광역시 동래구 온천장로65번길 9 (온천동, 동래 3차 SK VIEW)",,,129.07979446266,35.2164407285619,뷰티/스파,[뷰티/스파] 한국관광공사 등록 웰니스/힐링 관광지 (온천),,https://tong.visitkorea.or.kr/cms/resource/87/4028287_image2_1.jpg,3305656
올리브영 온천장역점,부산광역시 동래구 중앙대로 1523 (온천동),,부산광역시 동래구 중앙대로 1523 (온천동),,,129.085522588953,35.2211719490401,뷰티/스파,[뷰티/스파] 한국관광공사 등록 웰니스/힐링 관광지 (온천),,https://tong.visitkorea.or.kr/cms/resource/90/4028290_image2_1.jpg,2912569
우리유황온천,"서울특별시 광진구 자양로5길 33 (자양동, 와이엠프라젠스파)",지하 2층,"서울특별시 광진구 자양로5길 33 (자양동, 와이엠프라젠스파) 지하 2층",1,6,127.0841596279,37.5309880533,뷰티/스파,[뷰티/스파] 한국관광공사 등록 웰니스/힐링 관광지 (온천),,,2756589
울진 백암온천마을,경상북도 울진군 온정면 온정1길 119,,경상북도 울진군 온정면 온정1길 119,35,18,129.3406504507,36.7087109927,뷰티/스파,[뷰티/스파] 한국관광공사 등록 웰니스/힐링 관광지 (온천),,http://tong.visitkorea.or.kr/cms/resource/47/3049847_image2_1.JPG,1939439
월드온천24,강원특별자치도 춘천시 신북읍 장본길 35,,강원특별자치도 춘천시 신북읍 장본길 35,32,13,127.7540086643,37.9498322024,뷰티/스파,[뷰티/스파] 한국관광공사 등록 웰니스/힐링 관광지 (온천),,http://tong.visitkorea.or.kr/cms/resource/82/2776982_image2_1.jpeg,2774546
월문온천 휴양지,경기도 화성시 만세구 팔탄면 버들로1597번길 5,,경기도 화성시 만세구 팔탄면 버들로1597번길 5,,,126.8766317003,37.1145905425,뷰티/스파,[뷰티/스파] 한국관광공사 등록 웰니스/힐링 관광지 (온천),,https://tong.visitkorea.or.kr/cms/resource/05/3577605_image2_1.jpg,631411
유성온천공원,대전광역시 유성구 계룡로123번길 52 (봉명동),,대전광역시 유성구 계룡로123번길 52 (봉명동),,,127.3437,36.3553,뷰티/스파,[뷰티/스파] 한국관광공사 등록 웰니스/힐링 관광지 (온천),,https://tong.visitkorea.or.kr/cms/resource/98/3521398_image2_1.jpg,2760707
유성온천문화축제,대전광역시 유성구 어은로 27 (봉명동),유림공원 일원,대전광역시 유성구 어은로 27 (봉명동) 유림공원 일원,,,127.357688151291,36.3606844977923,뷰티/스파,[뷰티/스파] 한국관광공사 등록 웰니스/힐링 관광지 (온천),042-611-2080,https://tong.visitkorea.or.kr/cms/resource/97/4059997_image2_1.jpg,1270240
유성온천지구,대전광역시 유성구 봉명동 574,일대,대전광역시 유성구 봉명동 574 일대,3,4,127.3448131576,36.3553449050,뷰티/스파,[뷰티/스파] 한국관광공사 등록 웰니스/힐링 관광지 (온천),,http://tong.visitkorea.or.kr/cms/resource/42/3035142_image2_1.JPG,125858
율암온천숯가마 테마파크,경기도 화성시 만세구 팔탄면 온천로 434-14,,경기도 화성시 만세구 팔탄면 온천로 434-14,,,126.8814645784,37.1528548145,뷰티/스파,[뷰티/스파] 한국관광공사 등록 웰니스/힐링 관광지 (온천),,,128003
이천설봉온천랜드,경기도 이천시 애련정로 67-16 (안흥동),,경기도 이천시 애련정로 67-16 (안흥동),31,26,127.4514918514,37.2768880365,뷰티/스파,[뷰티/스파] 한국관광공사 등록 웰니스/힐링 관광지 (온천),,http://tong.visitkorea.or.kr/cms/resource/73/3058273_image2_1.jpg,2764342
이천온천공원,경기도 이천시 애련정로136번길 84 (창전동),,경기도 이천시 애련정로136번길 84 (창전동),31,26,127.4538581620,37.2818680593,뷰티/스파,[뷰티/스파] 한국관광공사 등록 웰니스/힐링 관광지 (온천),,http://tong.visitkorea.or.kr/cms/resource/57/3541457_image2_1.jpg,2764307
익산온천랜드,전북특별자치도 익산시 석암로 207-1 (석암동),,전북특별자치도 익산시 석암로 207-1 (석암동),37,9,127.0127983041,35.9406336739,뷰티/스파,[뷰티/스파] 한국관광공사 등록 웰니스/힐링 관광지 (온천),,,2754739
일성부곡온천콘도&리조트,경상남도 창녕군 부곡면 온천로 594,,경상남도 창녕군 부곡면 온천로 594,,,128.5878299707,35.4364711843,뷰티/스파,[뷰티/스파] 한국관광공사 등록 웰니스/힐링 관광지 (온천),,https://tong.visitkorea.or.kr/cms/resource/06/2372106_image2_1.jpg,136211
일성설악온천콘도&리조트,강원특별자치도 고성군 토성면 고성대로 47-24,,강원특별자치도 고성군 토성면 고성대로 47-24,,,128.503647947967,38.20906946778,뷰티/스파,[뷰티/스파] 한국관광공사 등록 웰니스/힐링 관광지 (온천),,https://tong.visitkorea.or.kr/cms/resource/77/1581477_image2_1.jpg,136525
저스트슬립호텔 유성온천점,대전광역시 유성구 온천로101번길 10-1 (봉명동),,대전광역시 유성구 온천로101번길 10-1 (봉명동),3,4,127.3495516357,36.3548533784,뷰티/스파,[뷰티/스파] 한국관광공사 등록 웰니스/힐링 관광지 (온천),,http://tong.visitkorea.or.kr/cms/resource/26/3084426_image2_1.JPG,3085028
전북 고창 온천해수찜,,,,,,126.7030748341,35.4325243659,뷰티/스파,[뷰티/스파] 한국관광공사 등록 웰니스/힐링 관광지 (온천),,,1966516
정관온천,부산광역시 기장군 정관읍 정관8로 16-5,,부산광역시 기장군 정관읍 정관8로 16-5,,,129.17787242339242,35.32254781057412,뷰티/스파,[뷰티/스파] 한국관광공사 등록 웰니스/힐링 관광지 (온천),,https://tong.visitkorea.or.kr/cms/resource/34/3083334_image2_1.jpg,3083341
정관장 온천점,충청남도 아산시 충무로 45 (온천동),1층,충청남도 아산시 충무로 45 (온천동) 1층,,,127.005366267037,36.7853074704508,뷰티/스파,[뷰티/스파] 한국관광공사 등록 웰니스/힐링 관광지 (온천),,https://tong.visitkorea.or.kr/cms/resource/89/4023589_image2_1.jpg,4013264
제일유황온천,경기도 포천시 일동면 화동로 1210,,경기도 포천시 일동면 화동로 1210,,,127.32865213749805,37.967592008354664,뷰티/스파,[뷰티/스파] 한국관광공사 등록 웰니스/힐링 관광지 (온천),,https://tong.visitkorea.or.kr/cms/resource/26/3024326_image2_1.jpg,126573
제주 산방산탄산온천,제주특별자치도 서귀포시 안덕면 사계북로41번길 192,,제주특별자치도 서귀포시 안덕면 사계북로41번길 192,,,126.298837026576,33.2489330795627,뷰티/스파,[뷰티/스파] 한국관광공사 등록 웰니스/힐링 관광지 (온천),,https://tong.visitkorea.or.kr/cms/resource/24/3569424_image2_1.jpg,128555
척산온천장,강원특별자치도 속초시 관광로 288,,강원특별자치도 속초시 관광로 288,,,128.54372252006,38.1869923946436,뷰티/스파,[뷰티/스파] 한국관광공사 등록 웰니스/힐링 관광지 (온천),,,816272
척산온천휴양촌,강원특별자치도 속초시 관광로 327,(노학동),강원특별자치도 속초시 관광로 327 (노학동),,,128.540708822938,38.1902141643192,뷰티/스파,[뷰티/스파] 한국관광공사 등록 웰니스/힐링 관광지 (온천),,https://tong.visitkorea.or.kr/cms/resource/75/2709375_image2_1.jpg,2708691
천마온천,경상남도 창원시 의창구 북면 천주로 1171,,경상남도 창원시 의창구 북면 천주로 1171,,,128.609955146074,35.3546479374111,뷰티/스파,[뷰티/스파] 한국관광공사 등록 웰니스/힐링 관광지 (온천),,,2755780
청도 용암온천,경상북도 청도군 화양읍 온천길 23,,경상북도 청도군 화양읍 온천길 23,35,20,128.7190429494,35.6887316469,뷰티/스파,[뷰티/스파] 한국관광공사 등록 웰니스/힐링 관광지 (온천),,http://tong.visitkorea.or.kr/cms/resource/20/3065220_image2_1.jpg,126541
청송솔기온천,경상북도 청송군 청송읍 중앙로 315,,경상북도 청송군 청송읍 중앙로 315,,,129.0626279556592,36.436131493799685,뷰티/스파,[뷰티/스파] 한국관광공사 등록 웰니스/힐링 관광지 (온천),,https://tong.visitkorea.or.kr/cms/resource/63/3407663_image2_1.jpg,129419
청주온천호텔,충청남도 아산시 충무로8번길 6,,충청남도 아산시 충무로8번길 6,,,127.005051962958,36.7813955003762,뷰티/스파,[뷰티/스파] 한국관광공사 등록 웰니스/힐링 관광지 (온천),,,137416
태종대온천찜질방,부산광역시 영도구 태종로 808,,부산광역시 영도구 태종로 808,6,14,129.0787786847,35.0645889744,뷰티/스파,[뷰티/스파] 한국관광공사 등록 웰니스/힐링 관광지 (온천),,http://tong.visitkorea.or.kr/cms/resource/85/3547085_image2_1.jpg,127752
팔공산온천관광호텔,대구광역시 동구 팔공산로185길 11,,대구광역시 동구 팔공산로185길 11,,,128.692237949132,35.9909628610594,뷰티/스파,[뷰티/스파] 한국관광공사 등록 웰니스/힐링 관광지 (온천),,https://tong.visitkorea.or.kr/cms/resource/53/1196553_image2_1.jpg,1162469
피로야 가라! 온천에서 즐기는 휴식 여행,,,,,,128.0956015605,36.8182831498,뷰티/스파,[뷰티/스파] 한국관광공사 등록 웰니스/힐링 관광지 (온천),,,2037519
필례 게르마늄 온천,강원특별자치도 인제군 인제읍 필례약수길 72,,강원특별자치도 인제군 인제읍 필례약수길 72,,,128.3697929051,38.0764969279,뷰티/스파,[뷰티/스파] 한국관광공사 등록 웰니스/힐링 관광지 (온천),,https://tong.visitkorea.or.kr/cms/resource/00/3502600_image2_1.jpg,2774534
해운대온천센터,부산광역시 해운대구 중동2로 16,(중동),부산광역시 해운대구 중동2로 16 (중동),6,16,129.1645768542,35.1634406103,뷰티/스파,[뷰티/스파] 한국관광공사 등록 웰니스/힐링 관광지 (온천),,http://tong.visitkorea.or.kr/cms/resource/17/3026517_image2_1.JPG,126108
화성식염온천,경기도 화성시 장안면 황골길 56-1,,경기도 화성시 장안면 황골길 56-1,31,31,126.8669054782,37.0935959740,뷰티/스파,[뷰티/스파] 한국관광공사 등록 웰니스/힐링 관광지 (온천),,http://tong.visitkorea.or.kr/cms/resource/70/3393270_image2_1.JPG,619672
휴온천,경상북도 칠곡군 동명면 기성5길 11-10,,경상북도 칠곡군 동명면 기성5길 11-10,,,128.5966105361,36.0009150251,뷰티/스파,[뷰티/스파] 한국관광공사 등록 웰니스/힐링 관광지 (온천),,https://tong.visitkorea.or.kr/cms/resource/52/2738552_image2_1.JPG,2738054
힐사이드온천텔,경기도 화성시 팔탄면 온천로 428-12,,경기도 화성시 팔탄면 온천로 428-12,31,31,126.8814469838,37.1523644342,뷰티/스파,[뷰티/스파] 한국관광공사 등록 웰니스/힐링 관광지 (온천),,,2751603
2025 유성온천 크리스마스 축제,대전광역시 유성구 어은로 27 (봉명동),,대전광역시 유성구 어은로 27 (봉명동),3,4,127.3577063021,36.3607306283,뷰티/스파,[뷰티/스파] 한국관광공사 등록 웰니스/힐링 관광지 (온천),042-611-2080,http://tong.visitkorea.or.kr/cms/resource/43/3574143_image2_1.jpg,2915307
303화덕 동래온천장점,부산광역시 동래구 차밭골로 37 (온천동),,부산광역시 동래구 차밭골로 37 (온천동),6,6,129.0774746236,35.2171413152,뷰티/스파,[뷰티/스파] 한국관광공사 등록 웰니스/힐링 관광지 (온천),,http://tong.visitkorea.or.kr/cms/resource/92/2870792_image2_1.jpg,2870800
CU 장전온천천로점,"부산광역시 금정구 장전온천천로 127 (장전동, 서주빌라)",,"부산광역시 금정구 장전온천천로 127 (장전동, 서주빌라)",,,129.088406508084,35.2362543704582,뷰티/스파,[뷰티/스파] 한국관광공사 등록 웰니스/힐링 관광지 (온천),,https://tong.visitkorea.or.kr/cms/resource/72/4020172_image2_1.jpg,3307538
[백년가게]온천입구기장곰장어,부산광역시 동래구 시실로 20,(명륜동),부산광역시 동래구 시실로 20 (명륜동),,,129.0859616610,35.2169063755,뷰티/스파,[뷰티/스파] 한국관광공사 등록 웰니스/힐링 관광지 (온천),,,2609624
쌀겨효소찜질테라피,충청북도 충주시 금가면 충원대로 1355,,충청북도 충주시 금가면 충원대로 1355,,,127.927402342205,37.0448683770583,뷰티/스파,[뷰티/스파] 한국관광공사 등록 웰니스/힐링 관광지 (테라피),,https://tong.visitkorea.or.kr/cms/resource/92/4005892_image2_1.jpg,4005896
티테라피,서울특별시 종로구 윤보선길 74 (안국동),,서울특별시 종로구 윤보선길 74 (안국동),,,126.983551601223,37.5791684375397,뷰티/스파,[뷰티/스파] 한국관광공사 등록 웰니스/힐링 관광지 (테라피),,https://tong.visitkorea.or.kr/cms/resource/58/3512358_image2_1.jpg,2782690
"몸과 마음의 건강한 조화, 세상과 내가 아름답게 조우하는 웰니스 코스",인천광역시 옹진군 굴업로 39,,인천광역시 옹진군 굴업로 39,2,9,125.9830110242,37.1912609926,자연/숲치유,[자연/숲치유] 한국관광공사 등록 웰니스/힐링 관광지 (웰니스),,http://tong.visitkorea.or.kr/cms/resource/87/2661887_image2_1.JPG,2987545
에스엠비 웰니스 센터,부산광역시 기장군 일광읍 학리등대로 34,,부산광역시 기장군 일광읍 학리등대로 34,,,129.2430447320,35.2588823233,자연/숲치유,[자연/숲치유] 한국관광공사 등록 웰니스/힐링 관광지 (웰니스),,,3526092
웰니스약국,서울특별시 중구 명동10길 51 (충무로2가),1층,서울특별시 중구 명동10길 51 (충무로2가) 1층,,,126.986022168744,37.5615921385709,자연/숲치유,[자연/숲치유] 한국관광공사 등록 웰니스/힐링 관광지 (웰니스),,https://tong.visitkorea.or.kr/cms/resource/98/4043198_image2_1.jpg,2931509
천보웰니스,경기도 양주시 원학로184번길 142-38 (광사동),,경기도 양주시 원학로184번길 142-38 (광사동),31,18,127.0697318591,37.7712876250,자연/숲치유,[자연/숲치유] 한국관광공사 등록 웰니스/힐링 관광지 (웰니스),,http://tong.visitkorea.or.kr/cms/resource/82/2797382_image2_1.jpg,2732443
파크로쉬 리조트앤웰니스(PARK ROCHE Resort&Wellness),강원특별자치도 정선군 북평면 중봉길 9-12,,강원특별자치도 정선군 북평면 중봉길 9-12,,,128.6111602982,37.4747608816,자연/숲치유,[자연/숲치유] 한국관광공사 등록 웰니스/힐링 관광지 (웰니스),,https://tong.visitkorea.or.kr/cms/resource/50/3086450_image2_1.jpg,2589656
가리산자연휴양림,강원특별자치도 홍천군 두촌면 가리산길 426,(두촌면),강원특별자치도 홍천군 두촌면 가리산길 426 (두촌면),,,127.979484575743,37.8655595924949,자연/숲치유,[자연/숲치유] 한국관광공사 등록 웰니스/힐링 관광지 (휴양림),,,126905
강씨봉자연휴양림,경기도 가평군 북면 논남기길 520,,경기도 가평군 북면 논남기길 520,,,127.4094116092,37.9686648944,자연/숲치유,[자연/숲치유] 한국관광공사 등록 웰니스/힐링 관광지 (휴양림),,,2774103
갯골자연휴양림,강원특별자치도 인제군 인제읍 인제로103번길 501,,강원특별자치도 인제군 인제읍 인제로103번길 501,,,128.12815816037568,38.08073346998511,자연/숲치유,[자연/숲치유] 한국관광공사 등록 웰니스/힐링 관광지 (휴양림),,https://tong.visitkorea.or.kr/cms/resource/07/3395807_image2_1.JPG,3403616
거제자연휴양림,경상남도 거제시 동부면 거제중앙로 325,,경상남도 거제시 동부면 거제중앙로 325,,,128.6296203878,34.7841396328,자연/숲치유,[자연/숲치유] 한국관광공사 등록 웰니스/힐링 관광지 (휴양림),,https://tong.visitkorea.or.kr/cms/resource/96/4059496_image2_1.jpg,126582
거제자연휴양림캠핑장,경상남도 거제시 동부면 거제중앙로 325,,경상남도 거제시 동부면 거제중앙로 325,36,1,128.6296446835,34.7841760229,자연/숲치유,[자연/숲치유] 한국관광공사 등록 웰니스/힐링 관광지 (휴양림),,http://tong.visitkorea.or.kr/cms/resource/12/2740312_image2_1.jpg,2740076
계명산 자연휴양림,충청북도 충주시 충주호수로 1170 (종민동),,충청북도 충주시 충주호수로 1170 (종민동),33,11,127.9956680059,36.9785629705,자연/숲치유,[자연/숲치유] 한국관광공사 등록 웰니스/힐링 관광지 (휴양림),,http://tong.visitkorea.or.kr/cms/resource/40/3505240_image2_1.jpg,126678
고대산자연휴양림,경기도 연천군 신서면 고대산길 84-79,,경기도 연천군 신서면 고대산길 84-79,,,127.15064798085594,38.211257872300244,자연/숲치유,[자연/숲치유] 한국관광공사 등록 웰니스/힐링 관광지 (휴양림),,https://tong.visitkorea.or.kr/cms/resource/09/3002909_image2_1.jpg,3018261
고산자연휴양림,전북특별자치도 완주군 고산면 고산휴양림로 246,,전북특별자치도 완주군 고산면 고산휴양림로 246,37,8,127.2331252962,35.9629766259,자연/숲치유,[자연/숲치유] 한국관광공사 등록 웰니스/힐링 관광지 (휴양림),,http://tong.visitkorea.or.kr/cms/resource/67/3061367_image2_1.jpg,127533
고성갈모봉 자연휴양림,경상남도 고성군 고성읍 갈모봉숲길 42,,경상남도 고성군 고성읍 갈모봉숲길 42,,,128.26761727858192,34.97179755985327,자연/숲치유,[자연/숲치유] 한국관광공사 등록 웰니스/힐링 관광지 (휴양림),,,2613159
광치자연휴양림,강원특별자치도 양구군 국토정중앙면 광치령로1794번길 265,,강원특별자치도 양구군 국토정중앙면 광치령로1794번길 265,,,128.07109133046495,38.141247888182136,자연/숲치유,[자연/숲치유] 한국관광공사 등록 웰니스/힐링 관광지 (휴양림),,https://tong.visitkorea.or.kr/cms/resource/08/3514808_image2_1.jpg,1089831
구불구불 고개 너머 만나는 계곡과 휴양림,,,,,,127.8946349837,36.1184634448,자연/숲치유,[자연/숲치유] 한국관광공사 등록 웰니스/힐링 관광지 (휴양림),,,1854604
구수곡자연휴양림,경상북도 울진군 십이령로 2721 구수곡자연휴양림,,경상북도 울진군 십이령로 2721 구수곡자연휴양림,,,129.2913938085,37.0635654877,자연/숲치유,[자연/숲치유] 한국관광공사 등록 웰니스/힐링 관광지 (휴양림),,https://tong.visitkorea.or.kr/cms/resource/64/4098364_image2_1.JPG,128051
구재봉자연휴양림,경상남도 하동군 적량면 중서길 60-81,,경상남도 하동군 적량면 중서길 60-81,36,18,127.7441130348,35.1289966606,자연/숲치유,[자연/숲치유] 한국관광공사 등록 웰니스/힐링 관광지 (휴양림),,http://tong.visitkorea.or.kr/cms/resource/22/3549722_image2_1.jpg,2759620
국립 가리왕산자연휴양림,강원특별자치도 정선군 정선읍 가리왕산로 707,,강원특별자치도 정선군 정선읍 가리왕산로 707,,,128.570012944371,37.4267936719748,자연/숲치유,[자연/숲치유] 한국관광공사 등록 웰니스/힐링 관광지 (휴양림),,https://tong.visitkorea.or.kr/cms/resource/19/3497919_image2_1.jpg,125413
국립 낙안민속자연휴양림,전라남도 순천시 낙안면 민속마을길 1600,,전라남도 순천시 낙안면 민속마을길 1600,,,127.355984487151,34.9177244115266,자연/숲치유,[자연/숲치유] 한국관광공사 등록 웰니스/힐링 관광지 (휴양림),,,407254
국립 덕유산자연휴양림,전북특별자치도 무주군 무풍면 구천동로 530-62,,전북특별자치도 무주군 무풍면 구천동로 530-62,37,5,127.8148028419,35.9081431480,자연/숲치유,[자연/숲치유] 한국관광공사 등록 웰니스/힐링 관광지 (휴양림),,http://tong.visitkorea.or.kr/cms/resource/42/3064442_image2_1.JPG,125416
국립 방장산자연휴양림,전라남도 장성군 북이면 방장로 353,,전라남도 장성군 북이면 방장로 353,,,126.7514104710,35.4440470918,자연/숲치유,[자연/숲치유] 한국관광공사 등록 웰니스/힐링 관광지 (휴양림),,https://tong.visitkorea.or.kr/cms/resource/98/3575398_image2_1.jpg,127168
국립 백운산자연휴양림(원주),강원 원주시 판부면 백운산길 81 백운산자연휴양림,,강원 원주시 판부면 백운산길 81 백운산자연휴양림,,,127.9421001865,37.2771609520,자연/숲치유,[자연/숲치유] 한국관광공사 등록 웰니스/힐링 관광지 (휴양림),,https://tong.visitkorea.or.kr/cms/resource/87/3045487_image2_1.jpg,688257
국립 복주산자연휴양림,강원특별자치도 철원군 근남면 하오재로 818,,강원특별자치도 철원군 근남면 하오재로 818,32,12,127.4732201929,38.1437543593,자연/숲치유,[자연/숲치유] 한국관광공사 등록 웰니스/힐링 관광지 (휴양림),,http://tong.visitkorea.or.kr/cms/resource/67/3040767_image2_1.jpg,128174
국립 산음자연휴양림,경기도 양평군 단월면 고북길 347,,경기도 양평군 단월면 고북길 347,31,19,127.5751825647,37.5961338783,자연/숲치유,[자연/숲치유] 한국관광공사 등록 웰니스/힐링 관광지 (휴양림),,,127171
국립 신불산폭포자연휴양림,울산광역시 울주군 상북면 청수골길 175,,울산광역시 울주군 상북면 청수골길 175,7,5,129.0232319274,35.5259945138,자연/숲치유,[자연/숲치유] 한국관광공사 등록 웰니스/힐링 관광지 (휴양림),,http://tong.visitkorea.or.kr/cms/resource/87/3077987_image2_1.bmp,125418
국립 용대자연휴양림,강원특별자치도 인제군 북면 연화동길 7,,강원특별자치도 인제군 북면 연화동길 7,32,10,128.3646639310,38.2316443099,자연/숲치유,[자연/숲치유] 한국관광공사 등록 웰니스/힐링 관광지 (휴양림),,http://tong.visitkorea.or.kr/cms/resource/53/3042453_image2_1.jpg,125412
국립 용지봉 자연휴양림,경상남도 김해시 대청계곡길 170-36 (대청동),,경상남도 김해시 대청계곡길 170-36 (대청동),,,128.77593217483147,35.185515083972426,자연/숲치유,[자연/숲치유] 한국관광공사 등록 웰니스/힐링 관광지 (휴양림),,https://tong.visitkorea.or.kr/cms/resource/53/3383353_image2_1.JPG,3385644
국립 용화산자연휴양림,강원특별자치도 춘천시 사북면 사여골길 294,,강원특별자치도 춘천시 사북면 사여골길 294,32,13,127.7141439487,38.0062332216,자연/숲치유,[자연/숲치유] 한국관광공사 등록 웰니스/힐링 관광지 (휴양림),,http://tong.visitkorea.or.kr/cms/resource/90/3351390_image2_1.jpg,407225
국립 운문산자연휴양림,경상북도 청도군 운문면 운문로 763,,경상북도 청도군 운문면 운문로 763,,,129.0253000000,35.6521000000,자연/숲치유,[자연/숲치유] 한국관광공사 등록 웰니스/힐링 관광지 (휴양림),,https://tong.visitkorea.or.kr/cms/resource/51/3062151_image2_1.jpg,127167
국립 운악산자연휴양림,경기도 포천시 화현면 화동로184번길 39,,경기도 포천시 화현면 화동로184번길 39,31,29,127.3065181095,37.8831650163,자연/숲치유,[자연/숲치유] 한국관광공사 등록 웰니스/힐링 관광지 (휴양림),,http://tong.visitkorea.or.kr/cms/resource/93/3024393_image2_1.jpg,407234
국립 운장산자연휴양림,전북특별자치도 진안군 정천면 휴양림길 77,,전북특별자치도 진안군 정천면 휴양림길 77,37,14,127.4244517017,35.8963458988,자연/숲치유,[자연/숲치유] 한국관광공사 등록 웰니스/힐링 관광지 (휴양림),,http://tong.visitkorea.or.kr/cms/resource/78/3561378_image2_1.jpg,127169
국립 천관산자연휴양림,전라남도 장흥군 관산읍 칠관로 842-1150,,전라남도 장흥군 관산읍 칠관로 842-1150,38,20,126.8998851572,34.5451339297,자연/숲치유,[자연/숲치유] 한국관광공사 등록 웰니스/힐링 관광지 (휴양림),,http://tong.visitkorea.or.kr/cms/resource/42/2704942_image2_1.jpg,125419
국립 청태산자연휴양림,강원특별자치도 횡성군 둔내면 청태산로 610,,강원특별자치도 횡성군 둔내면 청태산로 610,,,128.2918868783,37.5224600610,자연/숲치유,[자연/숲치유] 한국관광공사 등록 웰니스/힐링 관광지 (휴양림),,https://tong.visitkorea.or.kr/cms/resource/63/4096163_image2_1.jpg,125266
국립 통고산자연휴양림,경상북도 울진군 금강송면 불영계곡로 880,,경상북도 울진군 금강송면 불영계곡로 880,,,129.19173783406,36.9336624747833,자연/숲치유,[자연/숲치유] 한국관광공사 등록 웰니스/힐링 관광지 (휴양림),,https://tong.visitkorea.or.kr/cms/resource/45/3505845_image2_1.jpg,125430
국립 황정산자연휴양림,충청북도 단양군 대강면 황정산로 239-11,,충청북도 단양군 대강면 황정산로 239-11,33,2,128.3489930942,36.8412603023,자연/숲치유,[자연/숲치유] 한국관광공사 등록 웰니스/힐링 관광지 (휴양림),,http://tong.visitkorea.or.kr/cms/resource/93/3067493_image2_1.jpg,407236
국립 회문산자연휴양림,전북특별자치도 순창군 구림면 안심길 249,,전북특별자치도 순창군 구림면 안심길 249,37,7,127.1180948404,35.4989801303,자연/숲치유,[자연/숲치유] 한국관광공사 등록 웰니스/힐링 관광지 (휴양림),,http://tong.visitkorea.or.kr/cms/resource/51/3519551_image2_1.jpg,127512
국립 희리산 해송자연휴양림 야영장,충청남도 서천군 종천면 희리산길 206,,충청남도 서천군 종천면 희리산길 206,34,8,126.6640333569,36.1119136722,자연/숲치유,[자연/숲치유] 한국관광공사 등록 웰니스/힐링 관광지 (휴양림),,http://tong.visitkorea.or.kr/cms/resource/67/2798567_image2_1.jpg,2755800
국립 희리산해송자연휴양림,충청남도 서천군 종천면 희리산길 206,,충청남도 서천군 종천면 희리산길 206,34,8,126.6683911578,36.1173547912,자연/숲치유,[자연/숲치유] 한국관광공사 등록 웰니스/힐링 관광지 (휴양림),,http://tong.visitkorea.or.kr/cms/resource/36/3567036_image2_1.jpg,126965
국립검마산자연휴양림,경상북도 영양군 수비면 한티로 1050,,경상북도 영양군 수비면 한티로 1050,,,129.25535013202,36.7620547345398,자연/숲치유,[자연/숲치유] 한국관광공사 등록 웰니스/힐링 관광지 (휴양림),,https://tong.visitkorea.or.kr/cms/resource/93/3526493_image2_1.jpg,126745
국립검마산자연휴양림캠핑장,경상북도 영양군 수비면 검마산길 191,,경상북도 영양군 수비면 검마산길 191,35,13,129.2340310286,36.7452242097,자연/숲치유,[자연/숲치유] 한국관광공사 등록 웰니스/힐링 관광지 (휴양림),,http://tong.visitkorea.or.kr/cms/resource/91/2739891_image2_1.JPG,2739358
국립검봉산자연휴양림,강원특별자치도 삼척시 원덕읍 임원안길 525-145,,강원특별자치도 삼척시 원덕읍 임원안길 525-145,,,129.301008,37.237873,자연/숲치유,[자연/숲치유] 한국관광공사 등록 웰니스/힐링 관광지 (휴양림),,,687616
국립검봉산자연휴양림 야영장,강원특별자치도 삼척시 원덕읍 임원안길 525-145,,강원특별자치도 삼척시 원덕읍 임원안길 525-145,32,4,129.2994159033,37.2374163640,자연/숲치유,[자연/숲치유] 한국관광공사 등록 웰니스/힐링 관광지 (휴양림),,http://tong.visitkorea.or.kr/cms/resource/24/2753224_image2_1.JPG,2753009
국립금산자연휴양림,충청남도 금산군 남이면 거북바위길 10-163,,충청남도 금산군 남이면 거북바위길 10-163,,,127.4586028009,36.0042857635,자연/숲치유,[자연/숲치유] 한국관광공사 등록 웰니스/힐링 관광지 (휴양림),,https://tong.visitkorea.or.kr/cms/resource/85/4086885_image2_1.jpg,4086987
국립남해편백자연휴양림,경상남도 남해군 삼동면 금암로 658,,경상남도 남해군 삼동면 금암로 658,,,128.01671558182113,34.752203783225106,자연/숲치유,[자연/숲치유] 한국관광공사 등록 웰니스/힐링 관광지 (휴양림),,https://tong.visitkorea.or.kr/cms/resource/38/3501238_image2_1.jpg,126959
국립달음산자연휴양림,부산광역시 기장군 일광면 화용길 299-106,,부산광역시 기장군 일광면 화용길 299-106,,,129.1854138742,35.3027147997,자연/숲치유,[자연/숲치유] 한국관광공사 등록 웰니스/힐링 관광지 (휴양림),,https://tong.visitkorea.or.kr/cms/resource/21/2611721_image2_1.jpg,2606230
국립대관령자연휴양림,강원특별자치도 강릉시 성산면 삼포암길 133,,강원특별자치도 강릉시 성산면 삼포암길 133,,,128.79051549291611,37.71485534800313,자연/숲치유,[자연/숲치유] 한국관광공사 등록 웰니스/힐링 관광지 (휴양림),,https://tong.visitkorea.or.kr/cms/resource/12/3016112_image2_1.jpg,125417
국립대야산자연휴양림,경상북도 문경시 가은읍 용추길 31-35,,경상북도 문경시 가은읍 용추길 31-35,,,127.9619547091,36.6708567480,자연/숲치유,[자연/숲치유] 한국관광공사 등록 웰니스/힐링 관광지 (휴양림),,https://tong.visitkorea.or.kr/cms/resource/95/3049795_image2_1.JPG,741053
국립두타산자연휴양림,강원특별자치도 평창군 진부면 아차골길 132,,강원특별자치도 평창군 진부면 아차골길 132,32,15,128.5759014877,37.5597985551,자연/숲치유,[자연/숲치유] 한국관광공사 등록 웰니스/힐링 관광지 (휴양림),,http://tong.visitkorea.or.kr/cms/resource/99/3555099_image2_1.jpg,407252
국립무의도자연휴양림,인천광역시 영종구 하나개로 74 (무의동),,인천광역시 영종구 하나개로 74 (무의동),,,126.409212,37.389035,자연/숲치유,[자연/숲치유] 한국관광공사 등록 웰니스/힐링 관광지 (휴양림),,https://tong.visitkorea.or.kr/cms/resource/63/3053063_image2_1.jpg,3078309
국립미천골자연휴양림,강원특별자치도 양양군 서면 미천골길 115,미천골자연휴양림,강원특별자치도 양양군 서면 미천골길 115 미천골자연휴양림,,,128.527966,37.93902,자연/숲치유,[자연/숲치유] 한국관광공사 등록 웰니스/힐링 관광지 (휴양림),,https://tong.visitkorea.or.kr/cms/resource/31/3493231_image2_1.jpg,127805
국립방태산자연휴양림,강원특별자치도 인제군 기린면 방태산길 241,,강원특별자치도 인제군 기린면 방태산길 241,,,128.3880519671,37.9296623720,자연/숲치유,[자연/숲치유] 한국관광공사 등록 웰니스/힐링 관광지 (휴양림),,https://tong.visitkorea.or.kr/cms/resource_photo/55/3540655_image2_1.jpg,126677
국립삼봉자연휴양림,강원특별자치도 홍천군 내면 삼봉휴양길 276,,강원특별자치도 홍천군 내면 삼봉휴양길 276,,,128.464146,37.858955,자연/숲치유,[자연/숲치유] 한국관광공사 등록 웰니스/힐링 관광지 (휴양림),,https://tong.visitkorea.or.kr/cms/resource/53/3494153_image2_1.jpg,125420
국립삼봉자연휴양림 야영장,강원특별자치도 홍천군 내면 삼봉휴양길 276,,강원특별자치도 홍천군 내면 삼봉휴양길 276,32,16,128.4620695486,37.8520680925,자연/숲치유,[자연/숲치유] 한국관광공사 등록 웰니스/힐링 관광지 (휴양림),,http://tong.visitkorea.or.kr/cms/resource/12/2756112_image2_1.JPG,2755592
국립속리산말티재자연휴양림,충청북도 보은군 장안면 속리산로 256,,충청북도 보은군 장안면 속리산로 256,33,3,127.7822703483,36.4902039777,자연/숲치유,[자연/숲치유] 한국관광공사 등록 웰니스/힐링 관광지 (휴양림),,http://tong.visitkorea.or.kr/cms/resource/80/3577080_image2_1.jpg,2769697
국립신시도자연휴양림,전북특별자치도 군산시 옥도면 신시도길 271,,전북특별자치도 군산시 옥도면 신시도길 271,37,2,126.4468684182,35.8282590494,자연/숲치유,[자연/숲치유] 한국관광공사 등록 웰니스/힐링 관광지 (휴양림),,http://tong.visitkorea.or.kr/cms/resource/35/3532735_image2_1.jpg,2737403
국립아세안자연휴양림,경기도 양주시 백석읍 기산로 472,,경기도 양주시 백석읍 기산로 472,31,18,126.9421934380,37.7738766886,자연/숲치유,[자연/숲치유] 한국관광공사 등록 웰니스/힐링 관광지 (휴양림),,http://tong.visitkorea.or.kr/cms/resource/53/3409253_image2_1.jpg,2712562
국립오서산자연휴양림,충청남도 보령시 청라면 오서산길 531,,충청남도 보령시 청라면 오서산길 531,,,126.6728928691,36.4533709290,자연/숲치유,[자연/숲치유] 한국관광공사 등록 웰니스/힐링 관광지 (휴양림),,https://tong.visitkorea.or.kr/cms/resource/73/4099073_image2_1.jpg,129644
국립용현자연휴양림,충청남도 서산시 운산면 마애삼존불길 339,,충청남도 서산시 운산면 마애삼존불길 339,,,126.6082000000,36.7518000000,자연/숲치유,[자연/숲치유] 한국관광공사 등록 웰니스/힐링 관광지 (휴양림),,https://tong.visitkorea.or.kr/cms/resource/49/4099949_image2_1.jpg,407210
국립운문산자연휴양림 야영장,경상북도 청도군 운문면 운문로 763,,경상북도 청도군 운문면 운문로 763,,,129.0262079087,35.6483459530,자연/숲치유,[자연/숲치유] 한국관광공사 등록 웰니스/힐링 관광지 (휴양림),,https://tong.visitkorea.or.kr/cms/resource/19/4071519_image2_1.jpg,2739381
국립운장산자연휴양림 야영장,전북특별자치도 진안군 정천면 휴양림길 77,,전북특별자치도 진안군 정천면 휴양림길 77,37,14,127.4328733805,35.8886108155,자연/숲치유,[자연/숲치유] 한국관광공사 등록 웰니스/힐링 관광지 (휴양림),,http://tong.visitkorea.or.kr/cms/resource/23/2744323_image2_1.jpg,2743821
국립유명산자연휴양림,경기도 가평군 설악면 유명산길 79-53,,경기도 가평군 설악면 유명산길 79-53,,,127.4914492498,37.5931966345,자연/숲치유,[자연/숲치유] 한국관광공사 등록 웰니스/힐링 관광지 (휴양림),,,125409
국립지리산자연휴양림,경상남도 함양군 마천면 음정길 152,,경상남도 함양군 마천면 음정길 152,,,127.6428553680,35.3480855804,자연/숲치유,[자연/숲치유] 한국관광공사 등록 웰니스/힐링 관광지 (휴양림),,https://tong.visitkorea.or.kr/cms/resource/23/4101523_image2_1.jpg,407395
국립진도자연휴양림,전라남도 진도군 임회면 동령개길 1-92,,전라남도 진도군 임회면 동령개길 1-92,38,21,126.1864467690,34.3575710683,자연/숲치유,[자연/숲치유] 한국관광공사 등록 웰니스/힐링 관광지 (휴양림),,http://tong.visitkorea.or.kr/cms/resource/90/3592490_image2_1.jpg,2754972
국립천관산자연휴양림캠핑장,전라남도 장흥군 관산읍 칠관로 842-1150,,전라남도 장흥군 관산읍 칠관로 842-1150,38,20,126.8996796143,34.5453505689,자연/숲치유,[자연/숲치유] 한국관광공사 등록 웰니스/힐링 관광지 (휴양림),,http://tong.visitkorea.or.kr/cms/resource/45/2739945_image2_1.jpg,2739374
국립청옥산자연휴양림,경상북도 봉화군 석포면 청옥로 1552-163,,경상북도 봉화군 석포면 청옥로 1552-163,,,128.99582051365516,37.03871332231374,자연/숲치유,[자연/숲치유] 한국관광공사 등록 웰니스/힐링 관광지 (휴양림),,https://tong.visitkorea.or.kr/cms/resource/97/3500497_image2_1.jpg,125410
국립칠보산자연휴양림,경상북도 영덕군 병곡면 칠보산길 587,,경상북도 영덕군 병곡면 칠보산길 587,,,129.36843091637985,36.62319075700709,자연/숲치유,[자연/숲치유] 한국관광공사 등록 웰니스/힐링 관광지 (휴양림),,,127712
국립칠보산자연휴양림캠핑장,경상북도 영덕군 병곡면 칠보산길 587,,경상북도 영덕군 병곡면 칠보산길 587,,,129.3681749115,36.6236447683,자연/숲치유,[자연/숲치유] 한국관광공사 등록 웰니스/힐링 관광지 (휴양림),,https://tong.visitkorea.or.kr/cms/resource/88/4110688_image2_1.jpg,2739378
국립회문산자연휴양림 캠핑장,전북특별자치도 순창군 구림면 안심길 214,,전북특별자치도 순창군 구림면 안심길 214,37,7,127.1216195442,35.4983413746,자연/숲치유,[자연/숲치유] 한국관광공사 등록 웰니스/힐링 관광지 (휴양림),,http://tong.visitkorea.or.kr/cms/resource/11/2798211_image2_1.jpg,2755727
국망봉자연휴양림,경기도 포천시 이동면 늠바위길 207-28,,경기도 포천시 이동면 늠바위길 207-28,31,29,127.3962889641,38.0289746665,자연/숲치유,[자연/숲치유] 한국관광공사 등록 웰니스/힐링 관광지 (휴양림),,http://tong.visitkorea.or.kr/cms/resource/09/3580909_image2_1.jpg,125464
군위 장곡자연휴양림,대구광역시 군위군 고로면 장곡휴양림길 195,,대구광역시 군위군 고로면 장곡휴양림길 195,4,9,128.8419725161,36.1298034567,자연/숲치유,[자연/숲치유] 한국관광공사 등록 웰니스/힐링 관광지 (휴양림),,http://tong.visitkorea.or.kr/cms/resource/63/3029763_image2_1.jpg,127477
금봉자연휴양림,경상북도 의성군 옥산면 휴양림길 114,,경상북도 의성군 옥산면 휴양림길 114,35,19,128.8746305223,36.3315255999,자연/숲치유,[자연/숲치유] 한국관광공사 등록 웰니스/힐링 관광지 (휴양림),,http://tong.visitkorea.or.kr/cms/resource/60/1979160_image2_1.jpg,407373
금원산자연휴양림,경상남도 거창군 위천면 금원산길 471-27,,경상남도 거창군 위천면 금원산길 471-27,,,127.7957060103,35.7261804762,자연/숲치유,[자연/숲치유] 한국관광공사 등록 웰니스/힐링 관광지 (휴양림),,https://tong.visitkorea.or.kr/cms/resource/82/4095782_image2_1.jpg,125411
기찬 자연휴양림,전라남도 영암군 미암면 곤미현로 1190-76,,전라남도 영암군 미암면 곤미현로 1190-76,,,126.5989073331,34.6934604921,자연/숲치유,[자연/숲치유] 한국관광공사 등록 웰니스/힐링 관광지 (휴양림),,https://tong.visitkorea.or.kr/cms/resource/77/3405177_image2_1.JPG,3407176
남원자연휴양림,전북특별자치도 남원시 보산로 228 남원자연휴양림,,전북특별자치도 남원시 보산로 228 남원자연휴양림,,,127.414051187806,35.4569753973336,자연/숲치유,[자연/숲치유] 한국관광공사 등록 웰니스/힐링 관광지 (휴양림),,https://tong.visitkorea.or.kr/cms/resource/99/3516999_image2_1.jpg,126939
닥박골 휴양림,경기도 포천시 신북면 깊이울로1길 48-17,,경기도 포천시 신북면 깊이울로1길 48-17,31,29,127.1771091341,37.9297433316,자연/숲치유,[자연/숲치유] 한국관광공사 등록 웰니스/힐링 관광지 (휴양림),,http://tong.visitkorea.or.kr/cms/resource/97/2749697_image2_1.jpg,2749841
대둔산자연휴양림,충청남도 금산군 진산면 대둔산로 6,,충청남도 금산군 진산면 대둔산로 6,,,127.344828957704,36.1222669844837,자연/숲치유,[자연/숲치유] 한국관광공사 등록 웰니스/힐링 관광지 (휴양림),,https://tong.visitkorea.or.kr/cms/resource/57/3045157_image2_1.JPG,126963
대봉산자연휴양림,경상남도 함양군 병곡면 병곡지곡로 333,,경상남도 함양군 병곡면 병곡지곡로 333,,,127.715027833596,35.5779385612896,자연/숲치유,[자연/숲치유] 한국관광공사 등록 웰니스/힐링 관광지 (휴양림),,https://tong.visitkorea.or.kr/cms/resource/74/2792874_image2_1.jpg,2790512
대운산 자연휴양림,경상남도 양산시 탑골길 270 (용당동),,경상남도 양산시 탑골길 270 (용당동),36,10,129.2087742931,35.4179656723,자연/숲치유,[자연/숲치유] 한국관광공사 등록 웰니스/힐링 관광지 (휴양림),,http://tong.visitkorea.or.kr/cms/resource/77/2744077_image2_1.jpg,2743856
데미샘자연휴양림,전북특별자치도 진안군 백운면 데미샘1길 172,,전북특별자치도 진안군 백운면 데미샘1길 172,,,127.461041458378,35.6570496346548,자연/숲치유,[자연/숲치유] 한국관광공사 등록 웰니스/힐링 관광지 (휴양림),,https://tong.visitkorea.or.kr/cms/resource/38/3505838_image2_1.jpg,2748834
도사곡자연휴양림야영장,강원특별자치도 정선군 사북읍 지장천로 436-27,,강원특별자치도 정선군 사북읍 지장천로 436-27,32,11,128.7956223479,37.2267328283,자연/숲치유,[자연/숲치유] 한국관광공사 등록 웰니스/힐링 관광지 (휴양림),,http://tong.visitkorea.or.kr/cms/resource/27/2763127_image2_1.JPG,2762785
도사곡휴양림,강원특별자치도 정선군 사북읍 지장천로 436-27,,강원특별자치도 정선군 사북읍 지장천로 436-27,,,128.7955953108,37.2266818467,자연/숲치유,[자연/숲치유] 한국관광공사 등록 웰니스/힐링 관광지 (휴양림),,https://tong.visitkorea.or.kr/cms/resource/61/3342261_image2_1.jpg,789897
독용산성 자연휴양림,경상북도 성주군 금수강산면 사더래길 144,323,경상북도 성주군 금수강산면 사더래길 144 323,,,128.134413676404,35.9063671168171,자연/숲치유,[자연/숲치유] 한국관광공사 등록 웰니스/힐링 관광지 (휴양림),,https://tong.visitkorea.or.kr/cms/resource/46/3393546_image2_1.jpg,3393682
동강전망자연휴양림,강원특별자치도 정선군 신동읍 동강로 916-212,,강원특별자치도 정선군 신동읍 동강로 916-212,,,128.60793380161,37.2596812843289,자연/숲치유,[자연/숲치유] 한국관광공사 등록 웰니스/힐링 관광지 (휴양림),,,2705058
동두천자연휴양림,경기도 동두천시 탑동가산로 1 (탑동동),,경기도 동두천시 탑동가산로 1 (탑동동),31,10,127.1371333896,37.8899222467,자연/숲치유,[자연/숲치유] 한국관광공사 등록 웰니스/힐링 관광지 (휴양림),,http://tong.visitkorea.or.kr/cms/resource/18/2661418_image2_1.jpg,2661425
동의보감촌한방자연휴양림,경상남도 산청군 금서면 동의보감로555번길 186,,경상남도 산청군 금서면 동의보감로555번길 186,,,127.824733,35.435135,자연/숲치유,[자연/숲치유] 한국관광공사 등록 웰니스/힐링 관광지 (휴양림),,https://tong.visitkorea.or.kr/cms/resource/32/3014632_image2_1.JPG,3015120
두루웰 자연휴양림,강원특별자치도 철원군 갈말읍 지경1길 69,,강원특별자치도 철원군 갈말읍 지경1길 69,,,127.35324597342,38.2279923591433,자연/숲치유,[자연/숲치유] 한국관광공사 등록 웰니스/힐링 관광지 (휴양림),,,2638573
둔내자연휴양림,강원특별자치도 횡성군 둔내면 청태산로154번길 334,,강원특별자치도 횡성군 둔내면 청태산로154번길 334,32,18,128.2724941422,37.5125926787,자연/숲치유,[자연/숲치유] 한국관광공사 등록 웰니스/힐링 관광지 (휴양림),,http://tong.visitkorea.or.kr/cms/resource/32/3457832_image2_1.png,2789625
만수산자연휴양림,충청남도 부여군 외산면 휴양로 107,,충청남도 부여군 외산면 휴양로 107,34,6,126.7119564584,36.3385857609,자연/숲치유,[자연/숲치유] 한국관광공사 등록 웰니스/힐링 관광지 (휴양림),,http://tong.visitkorea.or.kr/cms/resource/32/3336432_image2_1.jpg,125424
만인산 자연휴양림,대전광역시 동구 산내로 106,,대전광역시 동구 산내로 106,3,2,127.4547630291,36.2022976798,자연/숲치유,[자연/숲치유] 한국관광공사 등록 웰니스/힐링 관광지 (휴양림),,http://tong.visitkorea.or.kr/cms/resource/87/3350787_image2_1.jpg,2661814
망경대산자연휴양림,강원특별자치도 영월군 산솔면 선도우길 177,,강원특별자치도 영월군 산솔면 선도우길 177,32,8,128.5935083942,37.1839172249,자연/숲치유,[자연/숲치유] 한국관광공사 등록 웰니스/힐링 관광지 (휴양림),,http://tong.visitkorea.or.kr/cms/resource/76/3388576_image2_1.JPG,2681536
무등산편백자연휴양림,전라남도 화순군 이서면 안양산로 685,,전라남도 화순군 이서면 안양산로 685,38,24,127.0274076507,35.0918746064,자연/숲치유,[자연/숲치유] 한국관광공사 등록 웰니스/힐링 관광지 (휴양림),,http://tong.visitkorea.or.kr/cms/resource/96/3590596_image2_1.jpg,126966
무봉산 자연휴양림,경기도 화성시 동탄순환대로24길 185 (중동),,경기도 화성시 동탄순환대로24길 185 (중동),,,127.12734216370909,37.20863656287307,자연/숲치유,[자연/숲치유] 한국관광공사 등록 웰니스/힐링 관광지 (휴양림),,https://tong.visitkorea.or.kr/cms/resource/93/3392093_image2_1.jpg,3392732
무주 향로산 자연휴양림,전북특별자치도 무주군 무주읍 무학로 153-36,,전북특별자치도 무주군 무주읍 무학로 153-36,37,5,127.6699125722,36.0240523805,자연/숲치유,[자연/숲치유] 한국관광공사 등록 웰니스/힐링 관광지 (휴양림),,http://tong.visitkorea.or.kr/cms/resource/62/3562062_image2_1.jpg,2706626
문성자연휴양림,충청북도 충주시 노은면 우성1길 191,(노은면),충청북도 충주시 노은면 우성1길 191 (노은면),,,127.752628472458,37.0282569918889,자연/숲치유,[자연/숲치유] 한국관광공사 등록 웰니스/힐링 관광지 (휴양림),,,2022050
문수산 자연휴양림 야영장,경상북도 봉화군 봉성면 시거리길 378,,경상북도 봉화군 봉성면 시거리길 378,,,128.8325146653,36.9451306788,자연/숲치유,[자연/숲치유] 한국관광공사 등록 웰니스/힐링 관광지 (휴양림),,https://tong.visitkorea.or.kr/cms/resource/44/2792744_image2_1.jpg,2792288
문수산자연휴양림,경상북도 봉화군 봉성면 시거리길 378,,경상북도 봉화군 봉성면 시거리길 378,,,128.83251466531934,36.945130678828356,자연/숲치유,[자연/숲치유] 한국관광공사 등록 웰니스/힐링 관광지 (휴양림),,https://tong.visitkorea.or.kr/cms/resource/41/3500541_image2_1.jpg,3030567
미숭산자연휴양림,경상북도 고령군 낫질로 672-99,,경상북도 고령군 낫질로 672-99,,,128.2035074817,35.7508312498,자연/숲치유,[자연/숲치유] 한국관광공사 등록 웰니스/힐링 관광지 (휴양림),,https://tong.visitkorea.or.kr/cms/resource/56/3032756_image2_1.jpg,3032775
민주지산 자연휴양림,충청북도 영동군 용화면 휴양림길 60,,충청북도 영동군 용화면 휴양림길 60,33,4,127.8243924940,36.0534823501,자연/숲치유,[자연/숲치유] 한국관광공사 등록 웰니스/힐링 관광지 (휴양림),,http://tong.visitkorea.or.kr/cms/resource/72/3335672_image2_1.JPG,407414
밀양 도래재 자연휴양림,경상남도 밀양시 도래재로 462,,경상남도 밀양시 도래재로 462,,,128.939124225235,35.5565301832829,자연/숲치유,[자연/숲치유] 한국관광공사 등록 웰니스/힐링 관광지 (휴양림),,https://tong.visitkorea.or.kr/cms/resource/38/4054738_image2_1.jpg,2858372
바라산자연휴양림,경기도 의왕시 바라산로 84 (학의동),,경기도 의왕시 바라산로 84 (학의동),,,127.0193169915,37.3731008542,자연/숲치유,[자연/숲치유] 한국관광공사 등록 웰니스/힐링 관광지 (휴양림),,https://tong.visitkorea.or.kr/cms/resource/78/4077178_image2_1.jpg,2742259
박달재자연휴양림,충청북도 제천시 백운면 금봉로 223,,충청북도 제천시 백운면 금봉로 223,33,7,128.0455253163,37.1475999931,자연/숲치유,[자연/숲치유] 한국관광공사 등록 웰니스/힐링 관광지 (휴양림),,http://tong.visitkorea.or.kr/cms/resource/39/3061139_image2_1.JPG,125422
방태산 자연휴양림 캠핑장,강원특별자치도 인제군 기린면 방태산길 377,,강원특별자치도 인제군 기린면 방태산길 377,32,10,128.3995675048,37.9223698456,자연/숲치유,[자연/숲치유] 한국관광공사 등록 웰니스/힐링 관광지 (휴양림),,http://tong.visitkorea.or.kr/cms/resource/22/2762322_image2_1.JPG,2761876
방화동자연휴양림·가족휴가촌,전북특별자치도 장수군 번암면 방화동로 778,,전북특별자치도 장수군 번암면 방화동로 778,37,11,127.5291060762,35.5897575387,자연/숲치유,[자연/숲치유] 한국관광공사 등록 웰니스/힐링 관광지 (휴양림),,http://tong.visitkorea.or.kr/cms/resource/01/3555101_image2_1.jpg,1623888
백아산자연휴양림,전라남도 화순군 백아면 수양로 353,,전라남도 화순군 백아면 수양로 353,38,24,127.1787786835,35.1600250519,자연/숲치유,[자연/숲치유] 한국관광공사 등록 웰니스/힐링 관광지 (휴양림),,http://tong.visitkorea.or.kr/cms/resource/24/3061324_image2_1.jpg,127478
백야자연휴양림,충청북도 음성군 금왕읍 백야리,산13,충청북도 음성군 금왕읍 백야리 산13,,,127.6097,36.9573,자연/숲치유,[자연/숲치유] 한국관광공사 등록 웰니스/힐링 관광지 (휴양림),,,2761716
백야자연휴양림 오토캠핑장,충청북도 음성군 금왕읍 백야로 461-97,,충청북도 음성군 금왕읍 백야로 461-97,33,6,127.6090922586,36.9568306099,자연/숲치유,[자연/숲치유] 한국관광공사 등록 웰니스/힐링 관광지 (휴양림),,http://tong.visitkorea.or.kr/cms/resource/67/2747867_image2_1.jpg,2747473
백운산자연휴양림,전라남도 광양시 옥룡면 백계로 405,,전라남도 광양시 옥룡면 백계로 405,,,127.597649087246,35.0564579453549,자연/숲치유,[자연/숲치유] 한국관광공사 등록 웰니스/힐링 관광지 (휴양림),,,126960
변산자연휴양림,전북특별자치도 부안군 변산면 변산로 3768,(변산면),전북특별자치도 부안군 변산면 변산로 3768 (변산면),,,126.525174112482,35.5815507964309,자연/숲치유,[자연/숲치유] 한국관광공사 등록 웰니스/힐링 관광지 (휴양림),,https://tong.visitkorea.or.kr/cms/resource/80/3499880_image2_1.jpg,2031650
보현산 자연휴양림,경상북도 영천시 화북면 배나무정길 334,,경상북도 영천시 화북면 배나무정길 334,,,128.97822455556286,36.1423864620149,자연/숲치유,[자연/숲치유] 한국관광공사 등록 웰니스/힐링 관광지 (휴양림),,https://tong.visitkorea.or.kr/cms/resource/45/3407145_image2_1.jpg,3407187
보현산자연휴양림 산림복합체험관,경상북도 영천시 화북면 배나무정길 334,,경상북도 영천시 화북면 배나무정길 334,,,128.9786275278,36.1416418515,자연/숲치유,[자연/숲치유] 한국관광공사 등록 웰니스/힐링 관광지 (휴양림),,https://tong.visitkorea.or.kr/cms/resource/62/3578262_image2_1.jpg,3081630
봉수산자연휴양림&수목원,충청남도 예산군 대흥면 임존성길 153,,충청남도 예산군 대흥면 임존성길 153,34,11,126.7808822465,36.5984515604,자연/숲치유,[자연/숲치유] 한국관광공사 등록 웰니스/힐링 관광지 (휴양림),,http://tong.visitkorea.or.kr/cms/resource/49/3591049_image2_1.jpg,407267
봉황산자연휴양림,전라남도 여수시 돌산읍 대복길 160,,전라남도 여수시 돌산읍 대복길 160,,,127.758109,34.613572,자연/숲치유,[자연/숲치유] 한국관광공사 등록 웰니스/힐링 관광지 (휴양림),,https://tong.visitkorea.or.kr/cms/resource/46/3552346_image2_1.JPG,2784672
봉황자연휴양림,충청북도 충주시 가금면 수룡봉황길 540,,충청북도 충주시 가금면 수룡봉황길 540,33,11,127.8246921445,37.0601643172,자연/숲치유,[자연/숲치유] 한국관광공사 등록 웰니스/힐링 관광지 (휴양림),,http://tong.visitkorea.or.kr/cms/resource/16/3061916_image2_1.jpg,125423
봉황자연휴양림 숲속야영장,충청북도 충주시 수룡봉황길 540 봉황자연휴양림,,충청북도 충주시 수룡봉황길 540 봉황자연휴양림,33,11,127.8306028390,37.0561260018,자연/숲치유,[자연/숲치유] 한국관광공사 등록 웰니스/힐링 관광지 (휴양림),,http://tong.visitkorea.or.kr/cms/resource/11/2907811_image2_1.jpg,2907814
불정자연휴양림,경상북도 문경시 불정길 180 (불정동),,경상북도 문경시 불정길 180 (불정동),,,128.1366005333,36.6223007774,자연/숲치유,[자연/숲치유] 한국관광공사 등록 웰니스/힐링 관광지 (휴양림),,https://tong.visitkorea.or.kr/cms/resource/83/1070183_image2_1.jpg,125407
붉은오름자연휴양림,제주특별자치도 서귀포시 표선면 남조로 1487-73,,제주특별자치도 서귀포시 표선면 남조로 1487-73,39,3,126.6742707606,33.3952748674,자연/숲치유,[자연/숲치유] 한국관광공사 등록 웰니스/힐링 관광지 (휴양림),,http://tong.visitkorea.or.kr/cms/resource/70/3023770_image2_1.jpg,1898484
비슬산자연휴양림,대구광역시 달성군 유가읍 일연선사길 99,(관리사무소),대구광역시 달성군 유가읍 일연선사길 99 (관리사무소),,,128.51290162226678,35.69001154791892,자연/숲치유,[자연/숲치유] 한국관광공사 등록 웰니스/힐링 관광지 (휴양림),,https://tong.visitkorea.or.kr/cms/resource/02/3496902_image2_1.jpg,125406
비학산자연휴양림,경상북도 포항시 북구 기북면 비학산길 302,,경상북도 포항시 북구 기북면 비학산길 302,,,129.2111069434,36.1470351004,자연/숲치유,[자연/숲치유] 한국관광공사 등록 웰니스/힐링 관광지 (휴양림),,https://tong.visitkorea.or.kr/cms/resource/25/2753225_image2_1.jpg,2752702
사천케이블카 자연휴양림,경상남도 사천시 실안길 242-45,,경상남도 사천시 실안길 242-45,,,128.0570483840,34.9503606419,자연/숲치유,[자연/숲치유] 한국관광공사 등록 웰니스/힐링 관광지 (휴양림),,https://tong.visitkorea.or.kr/cms/resource/53/2909553_image2_1.JPG,2909558
산삼 자연휴양림,경상남도 함양군 서상면 가르내길 202-1,,경상남도 함양군 서상면 가르내길 202-1,,,127.658028,35.697719,자연/숲치유,[자연/숲치유] 한국관광공사 등록 웰니스/힐링 관광지 (휴양림),,https://tong.visitkorea.or.kr/cms/resource/07/3377507_image2_1.JPG,3377214
산수유 자연휴양림,전라남도 구례군 산동면 정산길 251,,전라남도 구례군 산동면 정산길 251,,,127.46251556232022,35.30096853042996,자연/숲치유,[자연/숲치유] 한국관광공사 등록 웰니스/힐링 관광지 (휴양림),,https://tong.visitkorea.or.kr/cms/resource/15/3376915_image2_1.JPG,3376911
삼척활기자연휴양림,강원특별자치도 삼척시 미로면 준경길 651-59,,강원특별자치도 삼척시 미로면 준경길 651-59,,,129.060103327678,37.3819531036756,자연/숲치유,[자연/숲치유] 한국관광공사 등록 웰니스/힐링 관광지 (휴양림),,https://tong.visitkorea.or.kr/cms/resource/40/3503940_image2_1.jpg,2776832
삽살개가 마중하고 제주마가 배웅하는 천연기념물센터에서 장태산자연휴양림까지,,,,,,127.3923871768,36.3677467100,자연/숲치유,[자연/숲치유] 한국관광공사 등록 웰니스/힐링 관광지 (휴양림),,,1927292
상당산성 자연휴양림,충청북도 청주시 청원구 내수읍 덕암2길 162,,충청북도 청주시 청원구 내수읍 덕암2길 162,,,127.54541569225923,36.68279640025074,자연/숲치유,[자연/숲치유] 한국관광공사 등록 웰니스/힐링 관광지 (휴양림),,https://tong.visitkorea.or.kr/cms/resource/74/3071074_image2_1.JPG,3071086
생거진천 자연휴양림,충청북도 진천군 백곡면 명암길 435-135,,충청북도 진천군 백곡면 명암길 435-135,33,8,127.3901878870,36.9241498594,자연/숲치유,[자연/숲치유] 한국관광공사 등록 웰니스/힐링 관광지 (휴양림),,http://tong.visitkorea.or.kr/cms/resource/00/3465400_image2_1.JPG,2769739
서귀포자연휴양림,제주특별자치도 서귀포시 1100로 882,,제주특별자치도 서귀포시 1100로 882,39,3,126.4630826543,33.3108197268,자연/숲치유,[자연/숲치유] 한국관광공사 등록 웰니스/힐링 관광지 (휴양림),,http://tong.visitkorea.or.kr/cms/resource/27/3023727_image2_1.jpg,128175
서운산자연휴양림,경기도 안성시 금광면 배티로 185-39,,경기도 안성시 금광면 배티로 185-39,,,127.31375589323744,36.94238468289638,자연/숲치유,[자연/숲치유] 한국관광공사 등록 웰니스/힐링 관광지 (휴양림),,https://tong.visitkorea.or.kr/cms/resource/07/3494707_image2_1.jpg,2747164
석모도 자연휴양림,인천광역시 강화군 삼산면 삼산서로 39-75,,인천광역시 강화군 삼산면 삼산서로 39-75,,,126.315349264122,37.6994327539923,자연/숲치유,[자연/숲치유] 한국관광공사 등록 웰니스/힐링 관광지 (휴양림),,https://tong.visitkorea.or.kr/cms/resource/42/3528542_image2_1.jpg,2490906
선암 자연휴양림,전북특별자치도 김제시 금구면 월전로 299,,전북특별자치도 김제시 금구면 월전로 299,,,127.0404073357155,35.76563807657841,자연/숲치유,[자연/숲치유] 한국관광공사 등록 웰니스/힐링 관광지 (휴양림),,https://tong.visitkorea.or.kr/cms/resource/45/3361445_image2_1.JPG,3361444
설매재자연휴양림,경기도 양평군 옥천면 용천로 510,(옥천면),경기도 양평군 옥천면 용천로 510 (옥천면),,,127.512550295179,37.5561440724002,자연/숲치유,[자연/숲치유] 한국관광공사 등록 웰니스/힐링 관광지 (휴양림),,https://tong.visitkorea.or.kr/cms/resource/21/3507021_image2_1.jpg,127170
성불산자연휴양림,충청북도 괴산군 괴산읍 충민로기곡길 78,,충청북도 괴산군 괴산읍 충민로기곡길 78,,,127.861785180611,36.8156485670901,자연/숲치유,[자연/숲치유] 한국관광공사 등록 웰니스/힐링 관광지 (휴양림),,https://tong.visitkorea.or.kr/cms/resource/50/4041850_image2_1.jpg,2379537
성주봉자연휴양림,경상북도 상주시 은척면 성주봉로 3,,경상북도 상주시 은척면 성주봉로 3,35,9,128.0391767916,36.5322955079,자연/숲치유,[자연/숲치유] 한국관광공사 등록 웰니스/힐링 관광지 (휴양림),,http://tong.visitkorea.or.kr/cms/resource/16/3579416_image2_1.jpg,252565
성주봉자연휴양림 야영장,경상북도 상주시 은척면 성주봉로 3,,경상북도 상주시 은척면 성주봉로 3,,,128.0407566335,36.5335969291,자연/숲치유,[자연/숲치유] 한국관광공사 등록 웰니스/힐링 관광지 (휴양림),,https://tong.visitkorea.or.kr/cms/resource/49/4095949_image2_1.jpg,2743198
성주산자연휴양림,충청남도 보령시 성주면 화장골길 57-228,,충청남도 보령시 성주면 화장골길 57-228,,,126.6640080425,36.3325242244,자연/숲치유,[자연/숲치유] 한국관광공사 등록 웰니스/힐링 관광지 (휴양림),,,127382
세아휴양림수목원,경상북도 칠곡군 석적읍 호국로 605-42,,경상북도 칠곡군 석적읍 호국로 605-42,35,22,128.4347612000,36.0330402107,자연/숲치유,[자연/숲치유] 한국관광공사 등록 웰니스/힐링 관광지 (휴양림),,http://tong.visitkorea.or.kr/cms/resource/43/3554143_image2_1.JPG,2738090
소백산자연휴양림,충청북도 단양군 영춘면 하리방터길 180,,충청북도 단양군 영춘면 하리방터길 180,,,128.46727270675,37.0607026097995,자연/숲치유,[자연/숲치유] 한국관광공사 등록 웰니스/힐링 관광지 (휴양림),,,2761765
소선암자연휴양림,충청북도 단양군 단성면 대잠2길 15,(단성면),충청북도 단양군 단성면 대잠2길 15 (단성면),33,2,128.3095443831,36.9185756949,자연/숲치유,[자연/숲치유] 한국관광공사 등록 웰니스/힐링 관광지 (휴양림),,http://tong.visitkorea.or.kr/cms/resource/55/3067555_image2_1.JPG,129193
송이밸리자연휴양림,강원특별자치도 양양군 손양면 고노동길 98-65,,강원특별자치도 양양군 손양면 고노동길 98-65,,,128.621362298701,38.0532825632848,자연/숲치유,[자연/숲치유] 한국관광공사 등록 웰니스/힐링 관광지 (휴양림),,,2570330
송정자연휴양림,경상북도 칠곡군 석적읍 반계3길 88,,경상북도 칠곡군 석적읍 반계3길 88,,,128.4416385061,36.0233320968,자연/숲치유,[자연/숲치유] 한국관광공사 등록 웰니스/힐링 관광지 (휴양림),,https://tong.visitkorea.or.kr/cms/resource/40/4090640_image2_1.jpg,2739399
수도산자연휴양림,경상북도 김천시 대덕면 증산로 326-71,,경상북도 김천시 대덕면 증산로 326-71,35,6,127.9838271989,35.8918230338,자연/숲치유,[자연/숲치유] 한국관광공사 등록 웰니스/힐링 관광지 (휴양림),,http://tong.visitkorea.or.kr/cms/resource/01/3402601_image2_1.jpg,2369371
수락 휴(수락산 동막골 자연휴양림),서울특별시 노원구 덕릉로145길 108 (상계동),,서울특별시 노원구 덕릉로145길 108 (상계동),,,127.08995358960279,37.68113744712113,자연/숲치유,[자연/숲치유] 한국관광공사 등록 웰니스/힐링 관광지 (휴양림),,https://tong.visitkorea.or.kr/cms/resource/09/3504909_image2_1.jpg,3504884
수레의산자연휴양림,충청북도 음성군 생극면 차곡리 산47-1,,충청북도 음성군 생극면 차곡리 산47-1,,,127.6525739479,37.0380484063,자연/숲치유,[자연/숲치유] 한국관광공사 등록 웰니스/힐링 관광지 (휴양림),,https://tong.visitkorea.or.kr/cms/resource/12/3064412_image2_1.JPG,632059
수레의산자연휴양림 캠핑장,충청북도 음성군 생극면 차생로 310-108,,충청북도 음성군 생극면 차생로 310-108,33,6,127.6530915454,37.0383747962,자연/숲치유,[자연/숲치유] 한국관광공사 등록 웰니스/힐링 관광지 (휴양림),,http://tong.visitkorea.or.kr/cms/resource/52/2743352_image2_1.jpg,2743239
순천자연휴양림,전라남도 순천시 서면 청소년수련원길 170,,전라남도 순천시 서면 청소년수련원길 170,,,127.47449529913857,35.043882487899765,자연/숲치유,[자연/숲치유] 한국관광공사 등록 웰니스/힐링 관광지 (휴양림),,https://tong.visitkorea.or.kr/cms/resource/96/3463996_image2_1.JPG,3464003
순천자연휴양림 야영장,전라남도 순천시 서면 청소년수련원길 170,,전라남도 순천시 서면 청소년수련원길 170,38,11,127.4745139193,35.0439209931,자연/숲치유,[자연/숲치유] 한국관광공사 등록 웰니스/힐링 관광지 (휴양림),,http://tong.visitkorea.or.kr/cms/resource/77/2743577_image2_1.JPG,2743272
아산 영인산자연휴양림,충청남도 아산시 영인면 아산온천로 16-26,,충청남도 아산시 영인면 아산온천로 16-26,34,9,126.9505937184,36.8410210525,자연/숲치유,[자연/숲치유] 한국관광공사 등록 웰니스/힐링 관광지 (휴양림),,http://tong.visitkorea.or.kr/cms/resource/70/3567670_image2_1.jpg,126899
안동호반자연휴양림,경상북도 안동시 도산면 월천길 100-7,,경상북도 안동시 도산면 월천길 100-7,35,11,128.8288571138,36.7035128842,자연/숲치유,[자연/숲치유] 한국관광공사 등록 웰니스/힐링 관광지 (휴양림),,http://tong.visitkorea.or.kr/cms/resource/16/3585716_image2_1.jpg,2436209
안면도자연휴양림,충청남도 태안군 안면읍 안면대로 3195-6,,충청남도 태안군 안면읍 안면대로 3195-6,,,126.358827576291,36.4966991698447,자연/숲치유,[자연/숲치유] 한국관광공사 등록 웰니스/힐링 관광지 (휴양림),,https://tong.visitkorea.or.kr/cms/resource/40/4057440_image2_1.jpg,125448
양촌자연휴양림,충청남도 논산시 양촌면 매죽헌로1723번길 176-23,,충청남도 논산시 양촌면 매죽헌로1723번길 176-23,34,3,127.2465217151,36.1572796992,자연/숲치유,[자연/숲치유] 한국관광공사 등록 웰니스/힐링 관광지 (휴양림),,,2750930
양평 백운봉자연휴양림,경기도 양평군 양평읍 약수사길 78-14,,경기도 양평군 양평읍 약수사길 78-14,31,19,127.5191677381,37.5163754323,자연/숲치유,[자연/숲치유] 한국관광공사 등록 웰니스/힐링 관광지 (휴양림),,http://tong.visitkorea.or.kr/cms/resource/01/3040601_image2_1.jpeg,407259
영인산자연휴양림 스카이어드벤처 (영인산 짚라인),충청남도 아산시 영인면 아산온천로 16-26,,충청남도 아산시 영인면 아산온천로 16-26,,,126.9500195093819,36.840594550278894,자연/숲치유,[자연/숲치유] 한국관광공사 등록 웰니스/힐링 관광지 (휴양림),,https://tong.visitkorea.or.kr/cms/resource/62/3368662_image2_1.jpg,3368691
오도산자연휴양림,경상남도 합천군 봉산면 오도산휴양로 398,,경상남도 합천군 봉산면 오도산휴양로 398,,,128.05388180583805,35.66907418708164,자연/숲치유,[자연/숲치유] 한국관광공사 등록 웰니스/힐링 관광지 (휴양림),,https://tong.visitkorea.or.kr/cms/resource/75/3502275_image2_1.jpg,127166
옥성자연휴양림,경상북도 구미시 옥성면 휴양림길 150,,경상북도 구미시 옥성면 휴양림길 150,,,128.28442674525,36.2790708500818,자연/숲치유,[자연/숲치유] 한국관광공사 등록 웰니스/힐링 관광지 (휴양림),,https://tong.visitkorea.or.kr/cms/resource/66/3513466_image2_1.jpg,407291
옥성자연휴양림 야영장,경상북도 구미시 옥성면 휴양림길 150,,경상북도 구미시 옥성면 휴양림길 150,35,4,128.2821816252,36.2825701398,자연/숲치유,[자연/숲치유] 한국관광공사 등록 웰니스/힐링 관광지 (휴양림),,http://tong.visitkorea.or.kr/cms/resource/17/2743917_image2_1.jpg,2743744
옥화자연휴양림,충청북도 청주시 상당구 미원면 운암옥화길 140,,충청북도 청주시 상당구 미원면 운암옥화길 140,33,10,127.6958861872,36.5980511753,자연/숲치유,[자연/숲치유] 한국관광공사 등록 웰니스/힐링 관광지 (휴양림),,http://tong.visitkorea.or.kr/cms/resource/70/3461470_image2_1.jpg,127080
온빛자연휴양림,충청남도 논산시 벌곡면 황룡재로 480-113,,충청남도 논산시 벌곡면 황룡재로 480-113,,,127.2525338451,36.2028176315,자연/숲치유,[자연/숲치유] 한국관광공사 등록 웰니스/힐링 관광지 (휴양림),,https://tong.visitkorea.or.kr/cms/resource/89/4110589_image2_1.jpg,2752308
와룡자연휴양림,전북특별자치도 장수군 천천면 비룡로 632,,전북특별자치도 장수군 천천면 비룡로 632,37,11,127.4793053017,35.6812129655,자연/숲치유,[자연/숲치유] 한국관광공사 등록 웰니스/힐링 관광지 (휴양림),,http://tong.visitkorea.or.kr/cms/resource/75/3560975_image2_1.jpg,126964
와룡자연휴양림야영장,전북특별자치도 장수군 천천면 비룡로 538-73,,전북특별자치도 장수군 천천면 비룡로 538-73,37,11,127.4719945568,35.6919310660,자연/숲치유,[자연/숲치유] 한국관광공사 등록 웰니스/힐링 관광지 (휴양림),,http://tong.visitkorea.or.kr/cms/resource/63/2743963_image2_1.jpg,2743750
완도자연휴양림,전라남도 완도군 완도읍 대야일구1길 115,,전라남도 완도군 완도읍 대야일구1길 115,,,126.7024098831,34.3526688728,자연/숲치유,[자연/숲치유] 한국관광공사 등록 웰니스/힐링 관광지 (휴양림),,,2795081
용봉산자연휴양림,충청남도 홍성군 홍북읍 용봉산2길 87,,충청남도 홍성군 홍북읍 용봉산2길 87,34,15,126.6569338469,36.6449829445,자연/숲치유,[자연/숲치유] 한국관광공사 등록 웰니스/힐링 관광지 (휴양림),,http://tong.visitkorea.or.kr/cms/resource/35/3340035_image2_1.jpg,125427
용인자연휴양림,경기도 용인시 처인구 모현읍 초부로 220,,경기도 용인시 처인구 모현읍 초부로 220,,,127.267789370109,37.3147911467191,자연/숲치유,[자연/숲치유] 한국관광공사 등록 웰니스/힐링 관광지 (휴양림),,https://tong.visitkorea.or.kr/cms/resource/69/3493769_image2_1.jpg,809149
용추자연휴양림,경남 함양군 안의면 상원리 1155-1,,경남 함양군 안의면 상원리 1155-1,,,127.7540070000,35.7038530000,자연/숲치유,[자연/숲치유] 한국관광공사 등록 웰니스/힐링 관광지 (휴양림),,,127748
용추자연휴양림야영장,경상남도 함양군 안의면 용추휴양림길 260,,경상남도 함양군 안의면 용추휴양림길 260,36,20,127.7540192793,35.7033430813,자연/숲치유,[자연/숲치유] 한국관광공사 등록 웰니스/힐링 관광지 (휴양림),,http://tong.visitkorea.or.kr/cms/resource/10/2751110_image2_1.jpg,2750725
용현자연휴양림 야영장,충청남도 서산시 운산면 마애삼존불길 339,,충청남도 서산시 운산면 마애삼존불길 339,,,126.6076395604,36.7518803071,자연/숲치유,[자연/숲치유] 한국관광공사 등록 웰니스/힐링 관광지 (휴양림),,https://tong.visitkorea.or.kr/cms/resource/33/4099433_image2_1.jpg,2739365
운주산승마자연휴양림,경상북도 영천시 임고면 승마휴양림길 105,,경상북도 영천시 임고면 승마휴양림길 105,,,128.996838486018,36.035371670562,자연/숲치유,[자연/숲치유] 한국관광공사 등록 웰니스/힐링 관광지 (휴양림),,https://tong.visitkorea.or.kr/cms/resource/78/3502678_image2_1.jpg,1839066
원동자연휴양림,경상남도 양산시 원동면 늘밭로 64,,경상남도 양산시 원동면 늘밭로 64,,,128.934844529231,35.3988180126116,자연/숲치유,[자연/숲치유] 한국관광공사 등록 웰니스/힐링 관광지 (휴양림),,,126927
유치자연휴양림,전라남도 장흥군 유치면 휴양림길 154,,전라남도 장흥군 유치면 휴양림길 154,38,20,126.8323800964,34.7680494534,자연/숲치유,[자연/숲치유] 한국관광공사 등록 웰니스/힐링 관광지 (휴양림),,http://tong.visitkorea.or.kr/cms/resource/08/3060908_image2_1.jpg,125421
임해자연휴양림,강원특별자치도 강릉시 강동면 율곡로 1715-85,,강원특별자치도 강릉시 강동면 율곡로 1715-85,,,128.998543201835,37.718563921807,자연/숲치유,[자연/숲치유] 한국관광공사 등록 웰니스/힐링 관광지 (휴양림),,https://tong.visitkorea.or.kr/cms/resource/92/3341692_image2_1.jpg,1870612
입화산자연휴양림,울산광역시 중구 길촌길 335 (다운동),,울산광역시 중구 길촌길 335 (다운동),,,129.280074,35.577964,자연/숲치유,[자연/숲치유] 한국관광공사 등록 웰니스/힐링 관광지 (휴양림),,https://tong.visitkorea.or.kr/cms/resource/78/3090578_image2_1.JPG,3090595
자굴산 자연휴양림,경상남도 의령군 가례면 자굴산휴양로 23,,경상남도 의령군 가례면 자굴산휴양로 23,,,128.21276671502287,35.378903944834676,자연/숲치유,[자연/숲치유] 한국관광공사 등록 웰니스/힐링 관광지 (휴양림),,https://tong.visitkorea.or.kr/cms/resource/82/3377482_image2_1.JPG,3377187
장령산자연휴양림,충청북도 옥천군 장령산로 519,,충청북도 옥천군 장령산로 519,,,127.5555948172,36.2464299760,자연/숲치유,[자연/숲치유] 한국관광공사 등록 웰니스/힐링 관광지 (휴양림),,https://tong.visitkorea.or.kr/cms/resource/25/4095325_image2_1.jpg,127534
장령산자연휴양림 숲속동굴,충청북도 옥천군 군서면 장령산로 519,,충청북도 옥천군 군서면 장령산로 519,,,127.554749585611,36.2448676408954,자연/숲치유,[자연/숲치유] 한국관광공사 등록 웰니스/힐링 관광지 (휴양림),,https://tong.visitkorea.or.kr/cms/resource/58/4041058_image2_1.jpg,4041053
장태산 자연휴양림 캠핑장,대전광역시 서구 장안로 461 (장안동),,대전광역시 서구 장안로 461 (장안동),,,127.3385546700,36.2209433009,자연/숲치유,[자연/숲치유] 한국관광공사 등록 웰니스/힐링 관광지 (휴양림),,https://tong.visitkorea.or.kr/cms/resource/89/4099689_image2_1.jpg,2762000
장태산자연휴양림,대전광역시 서구 장안로 461,,대전광역시 서구 장안로 461,,,127.3412573201,36.2159112482,자연/숲치유,[자연/숲치유] 한국관광공사 등록 웰니스/힐링 관광지 (휴양림),,https://tong.visitkorea.or.kr/cms/resource/42/3569842_image2_1.jpg,129438
장항송림자연휴양림,충청남도 서천군 장항읍 장항산단로34번길 122-16,,충청남도 서천군 장항읍 장항산단로34번길 122-16,34,8,126.6655745301,36.0184827112,자연/숲치유,[자연/숲치유] 한국관광공사 등록 웰니스/힐링 관광지 (휴양림),,http://tong.visitkorea.or.kr/cms/resource/72/3529172_image2_1.jpg,1937012
장흥자연휴양림,경기도 양주시 장흥면 권율로 594,,경기도 양주시 장흥면 권율로 594,31,18,126.9685442552,37.7582150989,자연/숲치유,[자연/숲치유] 한국관광공사 등록 웰니스/힐링 관광지 (휴양림),,http://tong.visitkorea.or.kr/cms/resource/46/3409546_image2_1.jpg,2751550
제암산자연휴양림,전라남도 보성군 웅치면 대산길 330,,전라남도 보성군 웅치면 대산길 330,38,10,126.9890735769,34.6984876656,자연/숲치유,[자연/숲치유] 한국관광공사 등록 웰니스/힐링 관광지 (휴양림),,http://tong.visitkorea.or.kr/cms/resource/66/3511566_image2_1.jpg,125425
제암산자연휴양림 야영장,전라남도 보성군 웅치면 대산길 330,,전라남도 보성군 웅치면 대산길 330,38,10,126.9890735769,34.6984876656,자연/숲치유,[자연/숲치유] 한국관광공사 등록 웰니스/힐링 관광지 (휴양림),,http://tong.visitkorea.or.kr/cms/resource/68/2737668_image2_1.jpg,2737336
제주 교래자연휴양림,제주특별자치도 제주시 조천읍 남조로 2023,,제주특별자치도 제주시 조천읍 남조로 2023,,,126.6667,33.4418,자연/숲치유,[자연/숲치유] 한국관광공사 등록 웰니스/힐링 관광지 (휴양림),,https://tong.visitkorea.or.kr/cms/resource/30/3525130_image2_1.jpg,2763739
제주절물자연휴양림,제주특별자치도 제주시 명림로 584,,제주특별자치도 제주시 명림로 584,39,4,126.6252156649,33.4400774642,자연/숲치유,[자연/숲치유] 한국관광공사 등록 웰니스/힐링 관광지 (휴양림),,,127479
조령산자연휴양림,충청북도 괴산군 연풍면 새재로 1795,,충청북도 괴산군 연풍면 새재로 1795,33,1,128.0470598431,36.8116053214,자연/숲치유,[자연/숲치유] 한국관광공사 등록 웰니스/힐링 관광지 (휴양림),,http://tong.visitkorea.or.kr/cms/resource/07/3058707_image2_1.JPG,125432
좌구산 자연휴양림,충청북도 증평군 증평읍 솟점말길 107,,충청북도 증평군 증평읍 솟점말길 107,,,127.6510807615,36.7055135253,자연/숲치유,[자연/숲치유] 한국관광공사 등록 웰니스/힐링 관광지 (휴양림),,https://tong.visitkorea.or.kr/cms/resource/46/4077446_image2_1.jpg,1087114
주작산자연휴양림,전라남도 강진군 주작산길 262,,전라남도 강진군 주작산길 262,,,126.6867100000,34.5142390000,자연/숲치유,[자연/숲치유] 한국관광공사 등록 웰니스/힐링 관광지 (휴양림),,https://tong.visitkorea.or.kr/cms/resource/64/4054264_image2_1.jpg,643998
중미산자연휴양림,경기도 양평군 옥천면 중미산로 1152,,경기도 양평군 옥천면 중미산로 1152,31,19,127.4571548101,37.5818000399,자연/숲치유,[자연/숲치유] 한국관광공사 등록 웰니스/힐링 관광지 (휴양림),,http://tong.visitkorea.or.kr/cms/resource/86/607986_image2_1.jpg,127692
집다리골자연휴양림,강원특별자치도 춘천시 화악지암1길 129 집다리골자연휴양림,,강원특별자치도 춘천시 화악지암1길 129 집다리골자연휴양림,32,13,127.5803958778,37.9779923535,자연/숲치유,[자연/숲치유] 한국관광공사 등록 웰니스/힐링 관광지 (휴양림),,,127531
창원휴양림오토캠핑장,경상남도 창원시 마산합포구 구산면 석곡로 342-2,,경상남도 창원시 마산합포구 구산면 석곡로 342-2,36,16,128.5706133490,35.1111994761,자연/숲치유,[자연/숲치유] 한국관광공사 등록 웰니스/힐링 관광지 (휴양림),,http://tong.visitkorea.or.kr/cms/resource/16/2729416_image2_1.jpg,2729592
천보산 자연휴양림,경기도 포천시 원동교길 309 (동교동),,경기도 포천시 원동교길 309 (동교동),,,127.12046238892177,37.855390728045926,자연/숲치유,[자연/숲치유] 한국관광공사 등록 웰니스/힐링 관광지 (휴양림),,https://tong.visitkorea.or.kr/cms/resource/80/3495180_image2_1.jpg,2773252
청도자연휴양림,경상북도 청도군 각북면 비슬산길 111-25,,경상북도 청도군 각북면 비슬산길 111-25,,,128.54875099719325,35.710793856249495,자연/숲치유,[자연/숲치유] 한국관광공사 등록 웰니스/힐링 관광지 (휴양림),,https://tong.visitkorea.or.kr/cms/resource/36/3507136_image2_1.jpg,3507139
청송 자연휴양림,경상북도 청송군 부남면 청송로 3478-96,,경상북도 청송군 부남면 청송로 3478-96,,,129.05377179721253,36.31791104022311,자연/숲치유,[자연/숲치유] 한국관광공사 등록 웰니스/힐링 관광지 (휴양림),,https://tong.visitkorea.or.kr/cms/resource/47/3407447_image2_1.png,3407888
청송자연휴양림 퇴적암층 (청송국가지질공원),경상북도 청송군 부남면 청송로 3478-96,,경상북도 청송군 부남면 청송로 3478-96,,,129.05377179721253,36.31791104022311,자연/숲치유,[자연/숲치유] 한국관광공사 등록 웰니스/힐링 관광지 (휴양림),,https://tong.visitkorea.or.kr/cms/resource/17/3518517_image2_1.jpg,125408
청평자연휴양림,경기도 가평군 청평면 북한강로2246번길 8-6,,경기도 가평군 청평면 북한강로2246번길 8-6,31,1,127.4054751473,37.7131449494,자연/숲치유,[자연/숲치유] 한국관광공사 등록 웰니스/힐링 관광지 (휴양림),,http://tong.visitkorea.or.kr/cms/resource/70/3077270_image2_1.jpg,127929
축령산자연휴양림,경기도 남양주시 수동면 축령산로 299,,경기도 남양주시 수동면 축령산로 299,31,9,127.3091660984,37.7529607789,자연/숲치유,[자연/숲치유] 한국관광공사 등록 웰니스/힐링 관광지 (휴양림),,http://tong.visitkorea.or.kr/cms/resource/83/3077083_image2_1.jpg,127818
춘천숲자연휴양림,강원특별자치도 춘천시 동산면 종자리로 224-104,,강원특별자치도 춘천시 동산면 종자리로 224-104,32,13,127.7423851550,37.7479304633,자연/숲치유,[자연/숲치유] 한국관광공사 등록 웰니스/힐링 관광지 (휴양림),,http://tong.visitkorea.or.kr/cms/resource/36/3521536_image2_1.jpg,645823
춘천숲자연휴양림엔글램핑,강원특별자치도 춘천시 동산면 종자리로 224-104,,강원특별자치도 춘천시 동산면 종자리로 224-104,32,13,127.7448071635,37.7477277543,자연/숲치유,[자연/숲치유] 한국관광공사 등록 웰니스/힐링 관광지 (휴양림),,http://tong.visitkorea.or.kr/cms/resource/29/3521629_image2_1.jpg,2761834
충북알프스자연휴양림,충청북도 보은군 산외면 장갑리 산15,,충청북도 보은군 산외면 장갑리 산15,33,3,127.7898257875,36.5699310989,자연/숲치유,[자연/숲치유] 한국관광공사 등록 웰니스/힐링 관광지 (휴양림),,http://tong.visitkorea.or.kr/cms/resource/83/3577183_image2_1.jpeg,2419040
치악산자연휴양림,강원특별자치도 원주시 판부면 휴양림길 66,,강원특별자치도 원주시 판부면 휴양림길 66,,,128.0312768141,37.2558083850,자연/숲치유,[자연/숲치유] 한국관광공사 등록 웰니스/힐링 관광지 (휴양림),,https://tong.visitkorea.or.kr/cms/resource/76/3045376_image2_1.jpg,128068
칠갑산자연휴양림,충청남도 청양군 대치면 광대리,산73,충청남도 청양군 대치면 광대리 산73,34,13,126.8441143219,36.4323467391,자연/숲치유,[자연/숲치유] 한국관광공사 등록 웰니스/힐링 관광지 (휴양림),,http://tong.visitkorea.or.kr/cms/resource/70/3027970_image2_1.jpg,125428
칼봉산자연휴양림,경기도 가평군 가평읍 경반안로 454,,경기도 가평군 가평읍 경반안로 454,,,127.46533986168195,37.836241691565945,자연/숲치유,[자연/숲치유] 한국관광공사 등록 웰니스/힐링 관광지 (휴양림),,https://tong.visitkorea.or.kr/cms/resource/93/3490493_image2_1.jpg,1060129
태백산 고원자연휴양림야영장,강원특별자치도 태백시 머리골길 153 (철암동),,강원특별자치도 태백시 머리골길 153 (철암동),32,14,129.0605434433,37.1236386628,자연/숲치유,[자연/숲치유] 한국관광공사 등록 웰니스/힐링 관광지 (휴양림),,http://tong.visitkorea.or.kr/cms/resource/89/2738989_image2_1.JPG,2738792
태학산자연휴양림,충청남도 천안시 동남구 풍세면 휴양림길 105-2,,충청남도 천안시 동남구 풍세면 휴양림길 105-2,34,12,127.0919590376,36.7286559313,자연/숲치유,[자연/숲치유] 한국관광공사 등록 웰니스/힐링 관광지 (휴양림),,http://tong.visitkorea.or.kr/cms/resource/90/3563990_image2_1.jpg,128917
태학산자연휴양림 오토캠핑장,충청남도 천안시 동남구 풍세면 휴양림길 105-2,,충청남도 천안시 동남구 풍세면 휴양림길 105-2,34,12,127.0919590376,36.7286559313,자연/숲치유,[자연/숲치유] 한국관광공사 등록 웰니스/힐링 관광지 (휴양림),,http://tong.visitkorea.or.kr/cms/resource/22/2730522_image2_1.JPG,2730137
토함산자연휴양림,경상북도 경주시 문무대왕면 불국로 1208-45,,경상북도 경주시 문무대왕면 불국로 1208-45,,,129.36495271012697,35.761960293493296,자연/숲치유,[자연/숲치유] 한국관광공사 등록 웰니스/힐링 관광지 (휴양림),,,125405
팔공산금화자연휴양림,경상북도 칠곡군 가산면 가산로 323,,경상북도 칠곡군 가산면 가산로 323,35,22,128.5553750195,36.0517625330,자연/숲치유,[자연/숲치유] 한국관광공사 등록 웰니스/힐링 관광지 (휴양림),,http://tong.visitkorea.or.kr/cms/resource/88/3561888_image2_1.JPG,2738085
팔공산금화자연휴양림 캠핑장,경상북도 칠곡군 가산면 가산로 323,,경상북도 칠곡군 가산면 가산로 323,,,128.5553511571,36.0517189948,자연/숲치유,[자연/숲치유] 한국관광공사 등록 웰니스/힐링 관광지 (휴양림),,,2738003
팔영산자연휴양림,전라남도 고흥군 영남면 팔영로 1347-418,(영남면),전라남도 고흥군 영남면 팔영로 1347-418 (영남면),38,2,127.4394637689,34.6214289206,자연/숲치유,[자연/숲치유] 한국관광공사 등록 웰니스/힐링 관광지 (휴양림),,,125426
평창자연휴양림,강원특별자치도 평창군 봉평면 팔송로 285,,강원특별자치도 평창군 봉평면 팔송로 285,32,15,128.3047049944,37.6098292645,자연/숲치유,[자연/숲치유] 한국관광공사 등록 웰니스/힐링 관광지 (휴양림),,http://tong.visitkorea.or.kr/cms/resource/51/3468551_image2_1.JPG,2772886
하동 편백자연휴양림,경상남도 하동군 옥종면 돌고지로 1088-51,,경상남도 하동군 옥종면 돌고지로 1088-51,36,18,127.8401892169,35.1862280155,자연/숲치유,[자연/숲치유] 한국관광공사 등록 웰니스/힐링 관광지 (휴양림),,http://tong.visitkorea.or.kr/cms/resource/54/3530854_image2_1.jpg,2720430
하추자연휴양림,강원특별자치도 인제군 인제읍 하추로 686,,강원특별자치도 인제군 인제읍 하추로 686,32,10,128.3193324547,38.0347496922,자연/숲치유,[자연/숲치유] 한국관광공사 등록 웰니스/힐링 관광지 (휴양림),,http://tong.visitkorea.or.kr/cms/resource/61/3336461_image2_1.jpg,2774513
학가산자연휴양림,경상북도 예천군 보문면 휴양림길 210,,경상북도 예천군 보문면 휴양림길 210,35,16,128.5909400646,36.6802193859,자연/숲치유,[자연/숲치유] 한국관광공사 등록 웰니스/힐링 관광지 (휴양림),,http://tong.visitkorea.or.kr/cms/resource/09/3561609_image2_1.JPG,127697
한천자연휴양림,전라남도 화순군 한천면 죽헌로 719,,전라남도 화순군 한천면 죽헌로 719,38,24,127.0384091912,34.9916333134,자연/숲치유,[자연/숲치유] 한국관광공사 등록 웰니스/힐링 관광지 (휴양림),,http://tong.visitkorea.or.kr/cms/resource/14/3566814_image2_1.jpg,127164
한천자연휴양림캠핑장,전라남도 화순군 한천면 죽헌로 719,,전라남도 화순군 한천면 죽헌로 719,38,24,127.0397869838,34.9861672851,자연/숲치유,[자연/숲치유] 한국관광공사 등록 웰니스/힐링 관광지 (휴양림),,http://tong.visitkorea.or.kr/cms/resource/04/2737704_image2_1.jpg,2737365
화왕산자연휴양림,경상남도 창녕군 고암면 청간길 128-126,,경상남도 창녕군 고암면 청간길 128-126,,,128.567314450646,35.546930792625,자연/숲치유,[자연/숲치유] 한국관광공사 등록 웰니스/힐링 관광지 (휴양림),,https://tong.visitkorea.or.kr/cms/resource/43/4039443_image2_1.jpg,4039449
화원자연휴양림,대구광역시 달성군 화원읍 화원휴양림길 126,,대구광역시 달성군 화원읍 화원휴양림길 126,4,3,128.5367594539,35.7718300136,자연/숲치유,[자연/숲치유] 한국관광공사 등록 웰니스/힐링 관광지 (휴양림),,http://tong.visitkorea.or.kr/cms/resource/87/3567387_image2_1.jpg,2756669
횡성자연휴양림,강원특별자치도 횡성군 갑천면 정포로430번길 113,,강원특별자치도 횡성군 갑천면 정포로430번길 113,,,128.111851011193,37.5390435037793,자연/숲치유,[자연/숲치유] 한국관광공사 등록 웰니스/힐링 관광지 (휴양림),,https://tong.visitkorea.or.kr/cms/resource/66/1842066_image2_1.jpg,407202
휴양림펜션,충청남도 태안군 안면읍 송림길 21,,충청남도 태안군 안면읍 송림길 21,,,126.357288714838,36.5013096978212,자연/숲치유,[자연/숲치유] 한국관광공사 등록 웰니스/힐링 관광지 (휴양림),,,1276634
흑석산 자연 휴양림 캠핑장,전라남도 해남군 계곡면 산골길 306,,전라남도 해남군 계곡면 산골길 306,38,23,126.6164681396,34.6708651277,자연/숲치유,[자연/숲치유] 한국관광공사 등록 웰니스/힐링 관광지 (휴양림),,http://tong.visitkorea.or.kr/cms/resource/43/2740243_image2_1.jpg,2740121
흑석산 자연휴양림,전라남도 해남군 계곡면 산골길 306,(계곡면),전라남도 해남군 계곡면 산골길 306 (계곡면),38,23,126.6161153759,34.6715705981,자연/숲치유,[자연/숲치유] 한국관광공사 등록 웰니스/힐링 관광지 (휴양림),,http://tong.visitkorea.or.kr/cms/resource/09/3061309_image2_1.jpg,126958
흥림산자연휴양림 (영양에코둥지),경상북도 영양군 일월면 재일로 2394-70,,경상북도 영양군 일월면 재일로 2394-70,,,129.1126531864,36.7019617339,자연/숲치유,[자연/숲치유] 한국관광공사 등록 웰니스/힐링 관광지 (휴양림),,https://tong.visitkorea.or.kr/cms/resource/13/3072413_image2_1.JPG,3072418
흥부골자연휴양림,전북특별자치도 남원시 인월면 구인월길 125,,전북특별자치도 남원시 인월면 구인월길 125,,,127.58973066741602,35.45068795707989,자연/숲치유,[자연/숲치유] 한국관광공사 등록 웰니스/힐링 관광지 (휴양림),,https://tong.visitkorea.or.kr/cms/resource/06/3445506_image2_1.jpg,2795178
고려한방삼계탕,인천광역시 미추홀구 인주대로 404,,인천광역시 미추홀구 인주대로 404,2,3,126.6814235650,37.4510373781,한방체험,[한방체험] 한국관광공사 등록 웰니스/힐링 관광지 (한방),,,602125
김태근한방요리,대구광역시 달서구 큰장로 9,,대구광역시 달서구 큰장로 9,4,2,128.5741314691,35.8609928341,한방체험,[한방체험] 한국관광공사 등록 웰니스/힐링 관광지 (한방),,,634126
대구약령시 한방의료체험타운,대구광역시 중구 중앙대로77길 45,,대구광역시 중구 중앙대로77길 45,,,128.590973205591,35.8682144623406,한방체험,[한방체험] 한국관광공사 등록 웰니스/힐링 관광지 (한방),,https://tong.visitkorea.or.kr/cms/resource/57/4041157_image2_1.jpg,2822328
대구약령시한방문화축제,대구광역시 중구 달구벌대로415길 49 (남성로),,대구광역시 중구 달구벌대로415길 49 (남성로),,,128.589908485381,35.8685163598675,한방체험,[한방체험] 한국관광공사 등록 웰니스/힐링 관광지 (한방),053-254-1658,https://tong.visitkorea.or.kr/cms/resource/49/4059449_image2_1.jpg,506516
배가한방삼계탕,경기도 시흥시 옥구상가3길 23-11 (정왕동),,경기도 시흥시 옥구상가3길 23-11 (정왕동),31,14,126.7222725553,37.3533133358,한방체험,[한방체험] 한국관광공사 등록 웰니스/힐링 관광지 (한방),,http://tong.visitkorea.or.kr/cms/resource/77/2872777_image2_1.JPG,2872783
산청한방가족호텔,경상남도 산청군 금서면 동의보감로479번길 43,,경상남도 산청군 금서면 동의보감로479번길 43,36,9,127.8300195910,35.4387993581,한방체험,[한방체험] 한국관광공사 등록 웰니스/힐링 관광지 (한방),,,3563316
산청한방약초축제,경상남도 산청군 금서면 동의보감로555번길 45-6,,경상남도 산청군 금서면 동의보감로555번길 45-6,,,127.8293594394,35.4410659699,한방체험,[한방체험] 한국관광공사 등록 웰니스/힐링 관광지 (한방),055-970-6670~1,https://tong.visitkorea.or.kr/cms/resource/88/3523088_image2_1.JPG,506600
서울한방진흥센터,서울특별시 동대문구 약령중앙로 26 (제기동),,서울특별시 동대문구 약령중앙로 26 (제기동),,,127.03720984153856,37.580611633089674,한방체험,[한방체험] 한국관광공사 등록 웰니스/힐링 관광지 (한방),,,2692910
아우내한방순대,충청남도 천안시 동남구 병천면 아우내순대길 18,,충청남도 천안시 동남구 병천면 아우내순대길 18,,,127.298007654317,36.7593839567989,한방체험,[한방체험] 한국관광공사 등록 웰니스/힐링 관광지 (한방),,https://tong.visitkorea.or.kr/cms/resource/51/700551_image2_1.jpg,699579
영천한방축제,경상북도 영천시 최무선로 364 (문외동),영천강변공원 일원,경상북도 영천시 최무선로 364 (문외동) 영천강변공원 일원,,,128.9380739684,35.9703777441,한방체험,[한방체험] 한국관광공사 등록 웰니스/힐링 관광지 (한방),054-339-7281~2,https://tong.visitkorea.or.kr/cms/resource/80/4112880_image2_1.jpg,2988303
이영미궁중한방삼계탕,광주광역시 북구 서하로 156 (용봉동),1층,광주광역시 북구 서하로 156 (용봉동) 1층,,,126.8974521422,35.1870049853,한방체험,[한방체험] 한국관광공사 등록 웰니스/힐링 관광지 (한방),,https://tong.visitkorea.or.kr/cms/resource/69/4104969_image2_1.jpg,4104963
이우철한방누룽지삼계탕,충청남도 천안시 동남구 유량로 164 (유량동),,충청남도 천안시 동남구 유량로 164 (유량동),,,127.17710273997217,36.81055725225586,한방체험,[한방체험] 한국관광공사 등록 웰니스/힐링 관광지 (한방),,,2761447
장수천한방민물장어,경기도 성남시 분당구 대왕판교로 282,(궁내동),경기도 성남시 분당구 대왕판교로 282 (궁내동),31,12,127.1020653642,37.3688655179,한방체험,[한방체험] 한국관광공사 등록 웰니스/힐링 관광지 (한방),,http://tong.visitkorea.or.kr/cms/resource/04/2754204_image2_1.jpg,2753916
장수천한방민물장어 화성점,경기도 화성시 팔탄면 삼천병마로 355-87,,경기도 화성시 팔탄면 삼천병마로 355-87,31,31,126.9197825420,37.1471018330,한방체험,[한방체험] 한국관광공사 등록 웰니스/힐링 관광지 (한방),,http://tong.visitkorea.or.kr/cms/resource/47/2862847_image2_1.jpg,2862859
제천한방엑스포공원,충청북도 제천시 한방엑스포로 19 (왕암동),,충청북도 제천시 한방엑스포로 19 (왕암동),,,128.1596458045,37.1441766591,한방체험,[한방체험] 한국관광공사 등록 웰니스/힐링 관광지 (한방),,https://tong.visitkorea.or.kr/cms/resource/47/4080347_image2_1.jpg,1842147
지호한방삼계탕 초당점,강원특별자치도 강릉시 강릉대로587번길 4 (초당동),,강원특별자치도 강릉시 강릉대로587번길 4 (초당동),32,1,128.9200330542,37.7844958997,한방체험,[한방체험] 한국관광공사 등록 웰니스/힐링 관광지 (한방),,,3536265
최가네한방능이백숙,강원특별자치도 강릉시 범일로 505 (내곡동),,강원특별자치도 강릉시 범일로 505 (내곡동),32,1,128.8790216743,37.7330288314,한방체험,[한방체험] 한국관광공사 등록 웰니스/힐링 관광지 (한방),,,3536449
한방바이오 제천몰,충청북도 제천시 독순로 70,(중앙로2가),충청북도 제천시 독순로 70 (중앙로2가),,,128.2106394874,37.1388882948,한방체험,[한방체험] 한국관광공사 등록 웰니스/힐링 관광지 (한방),,https://tong.visitkorea.or.kr/cms/resource/03/4082503_image2_1.jpg,2371458
한방삼계탕,대전광역시 유성구 전민로14번길 43,,대전광역시 유성구 전민로14번길 43,,,127.4033797217,36.3986209746,한방체험,[한방체험] 한국관광공사 등록 웰니스/힐링 관광지 (한방),,https://tong.visitkorea.or.kr/cms/resource/55/3007755_image2_1.JPG,2582625
한방장어구이,부산광역시 연제구 아시아드대로 8,,부산광역시 연제구 아시아드대로 8,,,129.07078,35.186193,한방체험,[한방체험] 한국관광공사 등록 웰니스/힐링 관광지 (한방),,,2904891
한방족발,서울특별시 마포구 만리재로 19,,서울특별시 마포구 만리재로 19,,,126.9532134233,37.5447185717037,한방체험,[한방체험] 한국관광공사 등록 웰니스/힐링 관광지 (한방),,,737674
한방테마파크 초락당,울산광역시 울주군 두동면 계명로 44-34,,울산광역시 울주군 두동면 계명로 44-34,7,5,129.1996780011,35.7099187672,한방체험,[한방체험] 한국관광공사 등록 웰니스/힐링 관광지 (한방),,http://tong.visitkorea.or.kr/cms/resource/42/3043042_image2_1.jpg,127886
한방토종닭오리,경기도 양평군 강하면 전의6길 8-1,,경기도 양평군 강하면 전의6길 8-1,,,127.4223844758,37.5016453175,한방체험,[한방체험] 한국관광공사 등록 웰니스/힐링 관광지 (한방),,https://tong.visitkorea.or.kr/cms/resource/68/3474568_image2_1.jpg,1830725
백두대간 약초나라 펜션,강원특별자치도 정선군 임계면 눈꽃마을길 178-37,,강원특별자치도 정선군 임계면 눈꽃마을길 178-37,32,11,128.9090315989,37.5028782152,한방체험,[한방체험] 한국관광공사 등록 웰니스/힐링 관광지 (약초),,http://tong.visitkorea.or.kr/cms/resource/45/2731345_image2_1.jpg,2711375
산약초타운,전북특별자치도 진안군 진안읍 외사양길 16-19,,전북특별자치도 진안군 진안읍 외사양길 16-19,37,14,127.4159417284,35.7770370889,한방체험,[한방체험] 한국관광공사 등록 웰니스/힐링 관광지 (약초),,http://tong.visitkorea.or.kr/cms/resource/42/3557742_image2_1.jpg,2774049
산청약초식당,경상남도 산청군 친환경로 2623 화봉정비,,경상남도 산청군 친환경로 2623 화봉정비,36,9,127.8725580452,35.4185551746,한방체험,[한방체험] 한국관광공사 등록 웰니스/힐링 관광지 (약초),,http://tong.visitkorea.or.kr/cms/resource/37/2843537_image2_1.JPG,2843546
슬로시티약초밥상,전라남도 담양군 돌담길 102,,전라남도 담양군 돌담길 102,38,7,127.0198323843,35.2392772815,한방체험,[한방체험] 한국관광공사 등록 웰니스/힐링 관광지 (약초),,http://tong.visitkorea.or.kr/cms/resource/35/2847535_image2_1.JPG,2847539
신토불이약초식당,충청북도 보은군 속리산면 법주사로 268,,충청북도 보은군 속리산면 법주사로 268,33,3,127.8228572386,36.5315388721,한방체험,[한방체험] 한국관광공사 등록 웰니스/힐링 관광지 (약초),,http://tong.visitkorea.or.kr/cms/resource/94/3587994_image2_1.jpg,704469
약초와버섯골식당,경상남도 산청군 동의보감로555번길 35,,경상남도 산청군 동의보감로555번길 35,,,127.830842747686,35.4417540309959,한방체험,[한방체험] 한국관광공사 등록 웰니스/힐링 관광지 (약초),,,2900986
약초원,경기도 의정부시 범골로 47 (호원동),,경기도 의정부시 범골로 47 (호원동),31,25,127.0383526015,37.7290697515,한방체험,[한방체험] 한국관광공사 등록 웰니스/힐링 관광지 (약초),,http://tong.visitkorea.or.kr/cms/resource/48/2867348_image2_1.JPG,2867367
"약초의 고장, 제천에서 즐기는 건강여행",,,,,,128.0837704872,37.1611637645,한방체험,[한방체험] 한국관광공사 등록 웰니스/힐링 관광지 (약초),,,1886524
열매랑뿌리랑약초산나물뷔페,경상남도 산청군 시천면 남명로 228,1층,경상남도 산청군 시천면 남명로 228 1층,,,127.8414536512,35.2769330297,한방체험,[한방체험] 한국관광공사 등록 웰니스/힐링 관광지 (약초),,https://tong.visitkorea.or.kr/cms/resource/27/2901027_image2_1.jpg,2901041
월악산 약초마을,충청북도 제천시 덕산면 약초로 78,(덕산면),충청북도 제천시 덕산면 약초로 78 (덕산면),33,7,128.1652380589,36.9116349145,한방체험,[한방체험] 한국관광공사 등록 웰니스/힐링 관광지 (약초),,http://tong.visitkorea.or.kr/cms/resource/47/3568747_image2_1.jpg,1683936
정원약초쌈밥,경상남도 산청군 산청읍 꽃봉산로91번길 18,,경상남도 산청군 산청읍 꽃봉산로91번길 18,36,9,127.8760189709,35.4140279694,한방체험,[한방체험] 한국관광공사 등록 웰니스/힐링 관광지 (약초),,http://tong.visitkorea.or.kr/cms/resource/85/2796785_image2_1.jpg,2784745
제천 약초시장,충청북도 제천시 원화산로 121,,충청북도 제천시 원화산로 121,,,128.2195889511,37.1278870156,한방체험,[한방체험] 한국관광공사 등록 웰니스/힐링 관광지 (약초),,https://tong.visitkorea.or.kr/cms/resource/22/4066622_image2_1.jpg,2610489
지리산약초장어,경상남도 진주시 진양호로44번길 41,,경상남도 진주시 진양호로44번길 41,,,128.047585257659,35.1652767681862,한방체험,[한방체험] 한국관광공사 등록 웰니스/힐링 관광지 (약초),,https://tong.visitkorea.or.kr/cms/resource/99/2500599_image2_1.jpeg,2500601
충남 금산 약초 인삼 쇼핑코스,,,,,,127.5194012659,36.0168938234,한방체험,[한방체험] 한국관광공사 등록 웰니스/힐링 관광지 (약초),,,1968140
함양토종약초시장,경상남도 함양군 안의면 약초시장길 27,,경상남도 함양군 안의면 약초시장길 27,,,127.813700544029,35.6259401724559,한방체험,[한방체험] 한국관광공사 등록 웰니스/힐링 관광지 (약초),,https://tong.visitkorea.or.kr/cms/resource/79/1979279_image2_1.jpg,1435235
화천 산약초 마을,강원특별자치도 화천군 상서면 갈목길 157,,강원특별자치도 화천군 상서면 갈목길 157,32,17,127.6042632575,38.1605548367,한방체험,[한방체험] 한국관광공사 등록 웰니스/힐링 관광지 (약초),,http://tong.visitkorea.or.kr/cms/resource/88/3385888_image2_1.JPG,2394825
흑염소명가 약초산,경기도 의왕시 교동길 19 (이동),,경기도 의왕시 교동길 19 (이동),31,24,126.9668063706,37.3353308731,한방체험,[한방체험] 한국관광공사 등록 웰니스/힐링 관광지 (약초),,http://tong.visitkorea.or.kr/cms/resource/46/2851346_image2_1.jpeg,2851361
[관광두레] 민화이야기와 약초향기 가득한 체험여행,,,,,,128.2163138709,37.1412853346,한방체험,[한방체험] 한국관광공사 등록 웰니스/힐링 관광지 (약초),,,1928379
